x (pc),y (pc),z (pc)
-7743.296294,-11186.91122,1762.197733
-3293.57785,-10172.8258,1497.053487
-1867.377667,-8666.250668,-593.4854713
-8167.096166,-7720.539233,-1910.972047
-3193.623331,-7351.847638,-2508.845816
-1837.417823,-6612.068732,339.2400742
-4487.404972,-6349.531172,-1287.171908
-4294.075807,-6278.388984,-861.2605458
-4083.973506,-6020.679544,237.5273305
2769.021262,-5771.635902,288.4514989
-678.1425136,-5670.238453,-247.3350417
-2746.830545,-5577.381377,557.0484102
1627.379126,-5543.645848,509.53694
1664.405651,-5471.33699,616.2218508
-5039.827136,-5442.518226,-866.118811
881.1334627,-5369.009099,-42.73307474
311.1582683,-5363.884885,876.9580773
-3432.297144,-5356.628843,-197.7087616
-4896.5143,-5334.254606,44.2324768
4554.842535,-5317.981722,21.99739558
1613.551758,-5215.765918,61.9404065
-1849.404554,-5114.501073,-771.1229262
556.9638147,-5093.815249,-525.0128718
-1607.474548,-5052.100776,59.22267688
-705.3977949,-4987.580985,-195.2712777
-12311.01013,-4946.498607,-1368.731246
1728.025173,-4934.465302,442.7077867
-7020.13623,-4910.076401,-231.8125337
3211.424141,-4907.570489,-1265.901606
-3669.047728,-4861.924968,-7.44155848
1133.791704,-4860.649309,314.0153882
-411.3017252,-4837.306074,-147.4782454
9106.52689,-4799.295933,-357.6682165
258.2226564,-4783.405081,-303.9027671
-551.294928,-4735.743542,147.3329666
-4914.334048,-4691.319125,494.155576
-2935.010013,-4671.558781,-331.6380287
-3430.293983,-4671.488018,329.1016318
5888.159376,-4636.853572,281.3682989
-1025.952149,-4589.846069,443.7468309
417.9354433,-4557.0874,-447.0888011
-1456.766596,-4553.674657,137.7214742
283.7092488,-4484.449528,243.3546584
-2348.323052,-4455.875887,228.7201861
-1238.839253,-4440.015318,60.34303558
-1214.249807,-4432.470196,-105.8979087
-2334.728169,-4400.244366,383.2882645
-1230.268417,-4391.526851,1345.717854
-5603.350185,-4380.967677,-767.6619813
-3663.411731,-4319.74684,-9.885539864
-2547.563127,-4275.27326,249.4988346
606.7398117,-4257.848689,34.53027016
-2688.511818,-4203.908765,468.1872445
-4112.87087,-4147.471915,7.136125937
696.2773869,-4138.599846,164.8912262
-1343.784539,-4128.387172,-441.7674367
438.9177842,-3975.667554,-97.05504552
-5193.62703,-3937.893054,-786.423279
-2425.666741,-3913.724998,779.6136899
853.6424389,-3908.602251,-46.08719218
3173.39022,-3856.482051,259.1171525
2113.983333,-3856.474449,136.6721997
-2890.079965,-3818.59941,499.9613388
-101.6514326,-3805.760544,-260.2108206
4643.969631,-3798.338836,78.53757343
-181.0268841,-3782.543226,31.06459243
-410.1210003,-3726.755961,-167.6298621
-1138.880223,-3676.855678,602.0798626
685.4850932,-3669.941719,238.1574401
-486.4891839,-3650.927396,672.0070138
792.8969162,-3633.506686,-85.69506646
-2960.940195,-3624.009793,424.2489587
1416.032687,-3613.289542,385.9923747
-3367.279118,-3597.094337,-238.3960524
-4997.526803,-3591.087305,-1216.284023
2384.856189,-3569.189516,233.983241
576.936935,-3542.52563,291.3021304
-834.0709496,-3514.665698,-164.0325651
-3279.909591,-3451.474558,846.4115132
628.2731689,-3440.096448,-4.272390413
-3485.398803,-3425.091865,151.861451
395.4634881,-3417.891058,647.0164958
-3714.641017,-3407.421192,-51.02871608
-648.0265225,-3403.528206,-47.7742565
-432.9334972,-3398.397381,250.3773707
-3060.524029,-3395.479278,-425.669051
-9799.984816,-3382.060063,-516.1078608
6942.772093,-3380.218265,36.38893303
-2207.853622,-3375.239553,-233.9665423
-3398.407327,-3346.608307,-383.7518529
552.0199544,-3338.097831,-518.9468604
-2641.737596,-3336.630784,-1237.231379
368.8373364,-3277.929296,-95.59576121
191.6117048,-3253.970014,50.63694652
-162.4956507,-3241.298545,597.97902
660.9499417,-3231.348398,70.24035465
-440.4229563,-3227.734172,592.0141343
3557.972002,-3200.240675,385.8702633
-2114.792176,-3199.954041,221.1609916
-365.2775038,-3196.080131,141.577341
3552.379585,-3136.254239,51.27991423
1038.80958,-3130.070993,-116.3195477
3675.068731,-3089.218009,-14.24483286
-3775.18027,-3080.059223,85.89594468
-336.1004905,-3078.842179,-173.6988628
4067.196111,-3053.737219,0.887674453
-833.142147,-3045.454769,151.6588643
1521.022368,-3038.736054,-112.1345191
-4282.799531,-3007.769057,416.4774612
-1812.101481,-3006.327117,73.52883621
-5514.894758,-3005.569696,-280.8124015
-3578.225429,-3002.487638,-619.93126
4.186879551,-2998.629647,90.56882494
108.8441857,-2996.909913,26.17087996
-657.025644,-2988.324004,180.1720047
-3302.68989,-2981.069663,-281.4731839
4603.818887,-2973.786849,-447.7102095
-254.3357116,-2966.697706,162.3024016
1108.092536,-2963.728115,477.960866
3869.130834,-2954.965083,1143.682187
-419.976281,-2947.219588,6.754592943
-389.7110358,-2944.264179,430.6213586
-3664.5247,-2930.591102,211.4320678
2865.023066,-2929.75404,162.43491
659.9943415,-2926.244398,-38.7452322
643.7758088,-2923.194589,-215.6086831
-3161.340737,-2920.26751,494.1522171
-3435.965388,-2899.506505,192.3639157
-713.00432,-2891.936761,121.1924476
-821.0711538,-2874.773937,87.16632933
877.1131904,-2868.907976,6.283180714
876.9759377,-2850.654837,225.3024753
-480.2590242,-2845.502046,-38.28023111
-776.8345431,-2841.577302,232.3607793
-1135.11953,-2839.43843,112.663459
-325.0931048,-2818.313622,106.5072801
4727.120308,-2810.107393,-87.35005656
34.69998813,-2800.086059,62.5697357
158.308174,-2796.518483,4.888664753
2868.310662,-2785.41675,-119.362799
271.0483728,-2784.379435,-90.36006389
3555.448921,-2751.930256,163.2906429
-855.0385315,-2741.841364,-105.3140188
4772.655617,-2722.274702,-223.5616469
-290.5826303,-2719.050114,-655.493871
-1774.666629,-2708.878169,60.48488359
-26.83190528,-2697.024932,263.5081885
-3199.755925,-2696.354176,-117.6102879
-1126.952074,-2695.386949,-195.0697863
-1197.625705,-2694.973273,-376.2189881
2939.673268,-2693.714257,174.084975
-1045.044623,-2691.498894,165.4673313
-3383.108238,-2691.045803,248.4977585
-830.3362797,-2675.768774,-114.9744834
-608.4441972,-2671.601506,-893.4567997
4286.041135,-2669.901856,185.1606601
-3413.822477,-2669.089996,150.5679016
-1205.845316,-2668.167671,1.533097145
485.0838365,-2656.066287,2.356194191
-391.3585831,-2650.275137,-415.2121848
-2925.697486,-2647.282995,370.8853817
-2059.199739,-2634.707504,-18.67632216
4821.911109,-2626.808191,-105.4323537
5253.117855,-2625.980062,-156.8646388
5968.718799,-2617.599803,-1350.889772
-3216.178289,-2606.269193,106.95375
2.268898677,-2599.965706,-13.15972637
55.79950667,-2598.849663,53.54291623
-261.5240651,-2597.197783,670.2192459
119.0811828,-2592.416954,-158.7262028
2651.65654,-2579.523924,69.09356878
-843.196862,-2578.240138,967.5209776
517.034684,-2573.477531,-640.8529734
-744.0112222,-2562.572735,-56.82676767
-811.0030415,-2553.51255,-796.1612408
-792.6347447,-2549.558217,19.57194695
4401.218022,-2549.244705,90.55581364
4673.950989,-2541.97491,-242.5318765
-1933.228687,-2539.563885,351.7998268
-1066.66466,-2537.494954,48.52689015
-3581.108268,-2537.443168,-19.15056445
-2619.67956,-2528.91169,-1051.658056
1174.376375,-2525.359325,288.7912924
1630.335352,-2518.186916,-27.22676256
1603.600809,-2518.118811,295.8751373
-3778.706205,-2512.468106,-171.9431078
-1485.242343,-2502.428,-3.047344317
193.9287574,-2491.898546,53.22851974
-2686.373179,-2490.222825,-648.5286582
1629.354144,-2475.743706,-464.6484464
147.8131588,-2473.394603,-332.3708924
-1975.273909,-2458.502129,-548.143473
254.2489602,-2456.123759,-384.4665765
-844.4189495,-2452.370698,-476.028986
-22.6512633,-2448.650511,34.6207686
-2878.579915,-2443.805677,121.9651023
-3368.685008,-2426.891943,-35.50794173
6721.561494,-2425.213137,344.4826968
949.5858391,-2419.327885,-71.68903891
-1095.047536,-2416.260477,-79.19721711
-1130.709125,-2411.613742,-185.7849143
-1263.4912,-2410.68378,111.2191548
-1728.352473,-2406.143059,-526.6443845
4009.246895,-2403.2879,499.5473994
-4560.54972,-2386.225165,-319.3191354
750.6077857,-2384.977366,58.92297185
3813.610521,-2379.30798,-212.7635512
-52.73353852,-2378.672721,-484.0653448
-1482.97768,-2374.182351,-63.524534
-2358.760158,-2370.315493,-337.8993619
412.3219721,-2369.823942,-681.120454
-1410.659557,-2363.588755,-49.96812691
726.3877819,-2359.694887,-399.0010426
-1876.308821,-2357.998609,777.078999
14463.30647,-2350.316775,240.4205362
-2011.424851,-2348.428187,134.4623366
-1483.982981,-2348.336293,-19.87878146
-4296.191532,-2348.199332,1654.364597
-641.3109645,-2307.799632,-91.59752992
-256.3411546,-2296.185668,50.41419931
260.4528702,-2289.518173,111.8920786
-3172.108839,-2276.873861,-711.7105684
-1911.948028,-2275.343052,-7.261958725
1321.722821,-2270.947181,-47.24072578
-1696.265867,-2264.971946,38.52520791
-917.8383169,-2259.231937,-236.5245845
-255.9174952,-2256.663677,-387.8031497
-1727.88046,-2252.631602,-0.990997929
766.7967701,-2252.450713,224.9188688
-33.74303829,-2247.893592,162.3323887
-26.15386108,-2236.473961,-139.9328327
1512.081718,-2232.495955,-139.8952833
-2462.172419,-2227.086344,13.90674281
3092.033628,-2225.126458,816.6739211
-3542.163509,-2224.580323,-277.8201905
355.1536524,-2217.298339,-443.8186082
112.7026055,-2217.123829,7.749246142
-4664.738237,-2216.976327,-49.57967928
-906.8038163,-2215.420372,-29.2475
-3234.743245,-2214.045766,-281.6691109
-2235.432275,-2207.51604,-228.5070558
-2681.916093,-2206.873048,608.0406424
-1304.302689,-2205.455402,-371.0552031
-1006.821941,-2202.135466,266.4675763
-1328.38876,-2186.5347,760.2698933
-93.06424781,-2184.001967,8.393616813
-775.0657696,-2173.03642,63.63780839
4392.271114,-2166.981518,-178.7360023
-1837.083559,-2163.151327,-385.2224478
4097.618983,-2161.343464,-221.7140052
-1276.205278,-2160.526332,-92.450309
4424.63459,-2153.260773,880.9527757
1945.137081,-2150.461245,-88.08614161
109.676433,-2150.19018,-7.891139479
-3642.147693,-2147.101774,-1375.365462
-154.3916686,-2143.383275,-16.50297307
-1502.872969,-2132.037846,88.81138481
-451.582848,-2119.073819,38.57567292
-201.3902096,-2114.727045,107.2404258
-665.2659997,-2102.275261,-399.9260891
12.46108405,-2099.879835,-18.69222945
-1976.409514,-2098.782157,-24.6554422
3403.755802,-2096.462056,-138.9002783
-441.2306564,-2093.789517,30.99945394
-2637.98737,-2091.592777,-128.1533849
-1645.179645,-2091.401402,-18.57713365
-2622.491075,-2085.276383,-252.5132982
-633.1081581,-2083.804316,-96.61071973
-953.0300406,-2081.598147,-52.75314575
-19.97764781,-2081.090447,168.5450837
-667.0707384,-2078.928625,-126.6546604
4094.101609,-2074.3616,323.3527012
15.19349255,-2072.636682,-337.5593878
1871.469938,-2060.327723,-141.4883222
-65.56104125,-2051.963685,-110.8277232
-1168.191336,-2051.383788,-78.72455028
-1197.870306,-2035.20443,-45.75652905
-4245.106966,-2030.27172,-244.9644667
-208.9799589,-2029.18447,-351.6216193
-1286.133832,-2023.498733,-41.43240379
-625.4382677,-2021.713642,-126.0988686
-2165.013408,-2018.907665,-148.4074946
1943.58065,-2016.154715,-56.70466593
-2744.140787,-2014.297427,-452.3861386
-174.4341088,-2014.032387,-374.6762404
-558.4369399,-2001.44495,-130.7298617
-2381.049025,-1999.354115,154.7826369
-1989.87493,-1996.833055,-105.3399838
337.4591414,-1978.375164,-618.1852782
2259.624623,-1974.671357,27.75958946
-3758.292026,-1971.474235,-8.147890075
1585.368448,-1968.280857,-663.5106259
-1007.870662,-1965.320901,-726.1786855
-741.973091,-1964.611739,-426.8789615
406.1334308,-1957.702535,49.56227662
-1162.668125,-1951.942759,-10.30997357
5145.100846,-1943.145459,46.07615328
-496.4391841,-1940.531679,-359.3187136
-777.7797273,-1937.718956,-6.924057518
-4280.69845,-1937.308422,-354.1198396
5424.549979,-1931.595361,235.2995555
-346.4917346,-1929.584491,335.8097215
-4254.12612,-1916.344085,39.9036744
-826.9372235,-1911.854594,435.1675983
4493.324337,-1910.080246,-414.2823356
-1285.506884,-1907.996537,-335.6281673
-579.6273226,-1907.77816,21.22873678
-570.8799319,-1907.67962,-104.3578967
230.8750052,-1905.060347,1.674643205
126.2154837,-1885.336831,198.9338731
-1240.027249,-1879.886018,757.4542771
-84.009107,-1878.970236,-23.96499117
-2254.766538,-1873.93844,31.72667409
-1228.294771,-1872.035419,752.2096419
-289.3544679,-1869.116151,78.28029863
-948.0297329,-1865.439818,101.9750562
-66.96575237,-1861.748336,13.33123465
-1182.777087,-1859.451545,-33.0804266
-316.7929979,-1851.369722,508.9089805
110.8487926,-1844.0508,-98.43369902
-3139.0003,-1843.850533,-314.0196319
-261.0211765,-1840.939862,-321.834381
-590.7342843,-1839.921864,-77.95216032
2027.213564,-1835.587773,-35.32273669
2015.274448,-1835.044975,-48.52666561
3024.85769,-1834.084338,1226.338695
-112.6347775,-1831.072761,-73.36178567
-1526.13279,-1829.123359,-93.17963364
5715.252312,-1814.082763,-238.7378157
-4117.668468,-1812.675364,-3.926117654
-476.6061399,-1810.276926,-106.625698
850.1298535,-1808.25602,86.5413022
169.2510159,-1807.321307,117.0674533
-685.7507973,-1807.151719,20.91666474
-1046.744588,-1806.455759,-28.05986093
763.9324791,-1804.965054,-125.7152316
-918.2009302,-1804.405805,-40.64162604
-896.9736192,-1798.264707,496.5706106
-660.5279984,-1798.167352,36.78229964
1742.341166,-1794.193182,10.91263652
-2244.815673,-1792.012809,96.79196511
136.2495726,-1791.154125,-114.9041089
-4927.054978,-1790.380354,87.84319792
-1890.537818,-1789.043219,-105.9061811
3029.456665,-1788.762184,-77.99464615
1757.235044,-1778.215073,-8.726628538
1296.635731,-1769.683101,-164.1874058
2423.800954,-1769.410742,19.37947772
-3555.552338,-1768.860575,-643.2020181
2418.019781,-1763.89687,-204.5682552
-402.8396964,-1763.132195,-72.00723987
2790.226957,-1759.821319,87.5354467
-1359.633102,-1755.990483,-27.13395886
-1355.119114,-1755.217877,-106.1244268
1487.521768,-1753.404987,-53.38482722
4863.96007,-1751.133377,671.411445
106.5298833,-1746.751298,-3.359756746
-768.9393548,-1743.4189,-210.0281121
913.8124307,-1742.772746,394.6378041
-340.8752399,-1742.283917,195.0559528
-4747.668645,-1740.21932,325.220156
-181.5454213,-1736.032772,-125.4251766
-1051.743546,-1733.219723,-137.1455628
-1339.027748,-1728.131807,-254.8845773
-901.5200135,-1721.520434,-52.58384662
-706.309122,-1713.634378,-167.0498227
-1551.981743,-1713.399408,-247.4674535
553.0553064,-1711.270949,-75.37617671
-1634.725148,-1710.642153,389.5909586
-2373.410992,-1708.611426,-144.0529618
-754.9556205,-1708.482155,-230.3361406
1386.115808,-1708.050113,35.3239461
-522.9935675,-1707.43686,30.54665935
-1649.595507,-1707.013304,-74.60055281
-994.1098175,-1693.064832,50.72619295
-3034.221869,-1692.296067,-398.297215
-869.9001439,-1690.46487,120.943227
-1754.105874,-1687.424236,-99.03549223
228.5104179,-1681.2588,-167.8595726
-1346.331778,-1677.494629,14.26586765
1987.874767,-1675.725683,17.24372659
-396.7153211,-1674.307632,-33.93974123
-1541.680247,-1674.21729,-19.86159479
1259.902743,-1673.770096,-145.3916959
3188.165083,-1668.149723,75.37176916
1542.515924,-1665.1826,119.7519606
-1670.373078,-1665.133672,-82.36281222
-1564.492172,-1664.267826,-163.3304875
-3491.394524,-1661.571334,-461.0650526
-497.9659531,-1660.860077,-18.15807366
-1251.40329,-1657.656525,223.7982348
1654.622676,-1655.200349,-146.835294
-39.85844149,-1654.549893,-99.19655259
-251.1050678,-1648.676045,-240.9119012
-1182.125404,-1645.70762,-218.3345153
-1420.581226,-1641.699978,-93.26930947
-189.1881707,-1640.119679,4.034150019
-290.9240649,-1638.206157,23.23306808
-2494.184289,-1634.636509,-327.1211063
1437.531462,-1631.707223,339.7584959
1619.433343,-1627.366788,-72.95191781
-712.027104,-1625.124686,51.10926545
1453.935765,-1621.576268,-310.742975
-1858.922959,-1619.357862,194.4596302
-1081.402762,-1615.380159,177.25408
6797.775189,-1613.190925,433.4368718
-1630.821497,-1612.143155,-223.2301277
1633.628208,-1612.101399,-149.6260556
1911.742743,-1610.407215,-42.75848174
-413.0719396,-1606.48075,-29.53255255
-178.1527717,-1605.97767,397.4837283
-311.8514044,-1602.842784,-18.24040576
-1098.540741,-1602.577608,-187.7691371
-2074.261019,-1601.436945,-336.1620692
-1134.285532,-1601.416185,-78.47633282
82.06195346,-1597.84907,-12.00775253
-2561.360824,-1596.788749,-127.0331495
-765.2102006,-1596.401804,-128.7619124
-430.1685177,-1592.065597,-452.0864738
-1068.342733,-1591.061133,-145.781598
2888.598053,-1590.647333,-96.14233382
-1162.70291,-1589.213977,-472.3831907
2797.829741,-1588.096962,319.9777814
205.7932036,-1586.688052,8.37754213
-825.4653993,-1586.380222,-98.41577222
7838.044067,-1586.122174,-255.5046954
-1086.019171,-1584.310841,91.92669944
-2609.868594,-1582.46093,-822.3894019
1922.713091,-1579.334338,252.7417993
641.1412202,-1578.940422,152.9904518
-3632.150299,-1578.550173,-374.3628704
-3519.559162,-1575.849515,-116.4715089
-3860.290216,-1569.071206,-8.000060778
-2467.291242,-1568.207921,162.4248855
1823.523181,-1560.190103,-23.87571033
652.6936524,-1554.975458,-251.1320815
-339.8272065,-1553.377266,-371.7869524
-461.4360372,-1551.812646,10.73753591
2681.574078,-1551.329243,-111.9734154
1832.439735,-1548.531636,64.91832916
3140.349001,-1545.243277,20.7692962
-1178.782928,-1544.575726,-2.373821725
3699.530202,-1533.908748,609.2628615
-3503.982196,-1527.212116,-298.8108426
-3536.602731,-1526.029601,-218.7207744
1978.314905,-1522.957594,147.8894995
20.92662696,-1517.634711,319.2929062
-5704.344824,-1516.742767,-73.1471458
-1231.78542,-1514.091147,-23.1662585
-235.6047976,-1513.178901,118.6422884
-1576.202498,-1513.108901,-148.9534866
-1237.100026,-1511.440881,205.9756991
-792.3503962,-1511.127043,-113.0305728
1776.115284,-1509.455774,455.6125144
-1349.958955,-1507.727217,-70.67148082
978.8215706,-1506.101818,-116.4716575
-2421.990849,-1492.350535,-339.2273692
1410.767203,-1491.844488,106.1693083
5290.965528,-1489.216351,244.7906082
4498.61798,-1488.646734,-66.99380252
2936.192556,-1488.327009,502.5494861
-2411.099468,-1487.962963,-180.2403262
1884.632046,-1483.591872,-48.14778314
1331.077772,-1483.51042,-165.616415
-1161.865539,-1479.12194,-20.68225847
-1232.985358,-1478.300373,0.335975879
1628.878757,-1478.013463,-47.22498205
-1696.839648,-1477.641908,-149.4476454
358.4695023,-1477.222203,94.03817436
-2077.027246,-1477.157889,36.92411593
5491.122146,-1475.451275,733.4235574
289.115178,-1470.914401,-53.13415756
-952.1636642,-1470.695019,58.73260018
-961.9365559,-1468.873821,260.2167578
-1919.475213,-1468.080527,235.6660178
-1201.71432,-1464.032589,203.7554171
-246.5049054,-1463.637925,47.16308139
1723.960952,-1462.542575,428.4026761
1777.409146,-1458.422432,-61.81211898
-3542.745304,-1457.321597,179.984645
-379.6698538,-1456.532814,-91.79849148
-157.4477783,-1456.433601,-340.6278949
-1198.573615,-1455.538157,-351.5024379
3588.930444,-1453.666489,962.5653256
2737.45893,-1453.082236,-69.7898202
-2676.828295,-1440.118473,-401.2543608
-4005.602024,-1435.790834,-728.1113273
2403.740411,-1435.76143,24.9229726
1801.046032,-1435.184643,69.95879706
324.2920736,-1434.327679,65.74771037
-2911.939516,-1434.114662,20.96160769
-1139.141331,-1432.096925,-480.748817
1920.112544,-1428.082344,-183.7080202
-629.5112461,-1427.293059,12.25208539
-1085.512083,-1423.906921,-42.82053964
-690.8158339,-1422.047353,-10.76144253
-1851.715786,-1418.818701,-239.0128488
-330.1760114,-1405.505611,-25.95723288
-1285.452469,-1404.792902,-56.51419498
-1226.802418,-1402.84651,38.38615225
-1896.995974,-1402.166656,-119.9122415
-741.4154107,-1400.88122,7.74574039
-272.7487528,-1400.560375,-19.17692603
58.05257359,-1396.745447,75.71033818
1443.78007,-1396.679156,29.45242322
1439.436457,-1396.37318,46.91087167
-143.492705,-1395.696999,-501.5373665
1283.132905,-1390.030952,177.1550232
3523.097356,-1384.944507,342.5123821
2119.309461,-1382.614854,-134.3859219
220.2147357,-1382.571272,1.466076304
615.6349016,-1376.913744,203.9269742
1311.293914,-1372.190698,-87.18347914
-1165.221957,-1368.163275,312.0305215
-1828.777874,-1366.110437,-37.4534346
-558.1916667,-1365.762329,-207.8829542
3305.199132,-1359.606086,550.0781645
56.43494158,-1357.825206,-2.609091096
-2339.234013,-1357.64342,-84.99751407
-870.475324,-1356.946325,-399.8629536
1731.262319,-1354.070776,-69.45586668
1333.567706,-1353.26356,-16.58041745
-3366.134767,-1351.130603,-77.24522784
-307.2697643,-1344.845651,37.08727139
-833.3579642,-1343.021803,-494.1082283
-1104.35842,-1339.693891,-52.74237435
1620.887977,-1334.732143,-34.81772319
1354.067746,-1331.103299,68.2974703
1752.45177,-1329.701276,28.41317028
2234.636884,-1328.94123,17.69750195
-1382.095287,-1328.626894,262.2750321
5322.73377,-1326.119881,-413.415373
1494.26073,-1325.734296,-98.04818722
-1399.679779,-1323.148696,-85.77904264
-887.0933674,-1320.632037,-340.7717404
-573.7526838,-1317.025671,-155.8083417
-814.8882792,-1315.818103,-100.9000053
-578.7891744,-1309.813384,-3.998893185
-711.7536841,-1308.163547,-47.06195605
-170.1774555,-1306.7224,-25.30222908
-910.5712354,-1305.273255,468.4044769
-281.8775103,-1302.634375,-321.4494572
2616.149933,-1301.514936,-152.6250222
2017.356132,-1299.100877,51.09937895
2593.089431,-1297.390517,-51.62411235
-672.4687865,-1296.216173,-140.3508558
2519.495446,-1292.622056,322.134933
166.3067625,-1289.299263,-7.033642569
-670.140388,-1288.975075,-210.9007287
-664.2806295,-1285.368378,-19.19317201
864.3474422,-1284.346917,-76.52774196
-1071.248329,-1282.107814,29.45457081
1323.054613,-1270.981969,36.82833767
1729.02091,-1270.556791,38.57633087
-2069.06871,-1268.920609,-182.074601
-1138.552681,-1268.492237,-71.14237219
1965.119962,-1267.404464,-333.2168388
2426.7997,-1261.697394,285.0664836
-1996.8887,-1260.917694,-39.57383816
-893.451928,-1256.280058,-350.8063121
2044.780889,-1255.99063,-36.85990458
-318.9373051,-1254.900579,55.85278016
-5887.315185,-1252.461468,-106.1140133
1808.836265,-1252.030598,-23.03792506
1295.436009,-1250.551142,-39.60286634
-39.48411725,-1249.458937,99.04226133
-2550.74556,-1245.184107,-55.98775441
-910.4282556,-1244.398114,80.80671644
2727.008374,-1242.769315,137.658125
-2345.21829,-1242.253281,21.77064386
644.8925915,-1242.000942,-39.33454444
2170.311328,-1241.440377,-59.79573961
1467.827552,-1241.288981,-212.2261577
-685.7889341,-1237.705391,-1.975712071
395.9511182,-1237.69489,36.52493413
1969.035804,-1235.173831,53.55941654
-1293.549181,-1234.41584,-621.6084371
1669.476692,-1233.094618,436.9968419
3809.988774,-1230.592844,40.53143804
-236.136602,-1219.36179,49.45027578
-531.4253192,-1218.122633,2.319541398
2520.926067,-1217.577847,49.35535504
2520.72735,-1217.481869,60.59310127
278.5146906,-1217.035051,-61.28011701
2410.393596,-1214.93839,-62.669145
2309.257677,-1213.415843,-42.80158163
26.88463737,-1212.696044,-3.81074562
-153.2664328,-1211.52818,-108.5581408
-1811.361734,-1209.398854,2.660928316
304.176667,-1209.191493,-88.50135242
251.2860975,-1208.1045,-269.2727489
-1307.524277,-1204.437746,-90.05543334
-3435.511868,-1201.753022,51.45757358
-1076.998584,-1199.913158,-72.65304608
-1908.928612,-1197.004437,-321.4777323
1207.785912,-1196.038516,27.29577653
-523.9780312,-1194.788264,59.69946958
-784.5421235,-1194.351238,7.731596331
114.5775874,-1194.30331,22.61812766
-2297.006076,-1192.690079,64.61009307
-1228.738139,-1186.164252,-132.612038
-1849.435736,-1180.945086,-434.8852315
-235.9190165,-1178.518233,-15.52392304
-1705.276496,-1177.270203,-86.85010583
3823.344137,-1176.214239,80.99798943
-1139.560995,-1171.018165,8.555564901
-799.8299523,-1169.435237,863.1189216
-1560.521094,-1164.872191,-203.9869918
142.1396841,-1164.354379,-2.047270173
1391.175305,-1159.906515,-596.5711577
-5705.492989,-1159.75869,-429.5969425
1548.177699,-1159.02797,12.48914026
1808.242957,-1157.309166,162.1786123
1854.234651,-1156.855237,45.78012987
4265.863525,-1154.213871,261.7780146
1108.087314,-1152.680456,58.90899817
-1710.86383,-1151.387336,-167.3713157
-2746.385076,-1146.585582,-552.6658311
1750.109332,-1144.803255,106.6716179
-1710.910701,-1141.898649,10.05235835
-1516.823082,-1140.93422,-60.97411477
1841.359865,-1140.801828,-401.4648627
-1159.449617,-1140.581926,-157.1796978
376.7798368,-1139.276979,-9.215247873
-2677.72063,-1138.280012,-47.23177151
-1287.437238,-1137.827062,-98.46793819
-539.0116328,-1137.204152,-36.25158603
-1644.225422,-1135.122428,4.882030126
2226.270846,-1134.831131,104.2948844
-4963.529831,-1134.065192,-520.7607493
153.0709039,-1133.626906,13.97624896
1386.582597,-1125.640118,-10.9099853
2809.696117,-1124.936098,637.7895454
259.0445809,-1120.261127,-20.27094939
-1283.863965,-1119.98592,88.09573925
-1438.989095,-1118.207036,197.008649
1657.975727,-1117.897774,37.69687943
-2735.221537,-1116.223233,68.07229069
-928.882155,-1114.087988,412.3710668
-1411.915999,-1111.467411,-18.5041773
-1901.836065,-1110.007842,92.29394082
2243.798447,-1104.572191,-17.02363553
686.7902849,-1103.374734,-29.7203676
122.6117072,-1101.786878,55.96467918
-2564.663731,-1101.336294,164.8463402
1019.231055,-1100.284147,23.29920852
1658.852691,-1100.053662,195.1657995
16.70200011,-1099.862722,-4.799640213
-2679.568504,-1098.971134,-127.9690547
-1897.286028,-1097.165385,-359.6871496
-1976.677623,-1092.985878,-121.537836
-699.4213893,-1091.974416,-56.6179648
792.895198,-1089.326272,84.76720136
155.9139478,-1088.696915,-20.73328369
2965.535549,-1087.580091,625.4346109
2009.198742,-1086.369707,-278.4282187
-771.4024623,-1083.465087,-145.8960134
2470.955869,-1082.102952,115.8891558
-1822.238877,-1081.966268,86.22917858
-4365.708617,-1077.169713,-1144.505868
-509.7247514,-1076.38547,7.483224463
-1571.063345,-1076.132329,-52.19364775
-1992.499745,-1075.094527,463.5056901
1409.633121,-1073.463915,-311.465385
-2128.056669,-1071.697473,-39.0939705
-2686.102458,-1071.646217,-9.590217597
-71.63045197,-1069.975928,-206.1179082
-1328.143519,-1069.76442,45.55082106
-1540.824193,-1066.519438,230.0893203
3025.645719,-1066.091654,-13.43759968
2154.891055,-1056.603119,-5.864300451
2724.999399,-1056.410492,140.8940971
-1802.191371,-1049.742776,99.45031612
-532.7247647,-1045.53122,-36.67143005
-2664.446417,-1039.360008,-7.487453938
-2370.318552,-1039.017191,-215.5046169
-605.398393,-1037.677555,-39.01382183
-2042.047455,-1037.334571,51.57692841
-2203.990076,-1035.240238,69.29209187
-1519.552926,-1030.362546,-14.41976203
-1555.905345,-1027.879791,-477.7517055
2604.371239,-1027.464675,39.58274891
309.0862489,-1025.683669,249.8773739
-585.2400922,-1023.95779,37.4763879
8638.010471,-1023.904681,162.4632563
-1633.227546,-1023.330436,-172.0104644
-1146.938339,-1022.962542,-21.1916399
-972.8468236,-1021.589805,-29.05732877
1533.102292,-1018.976464,-23.77665749
2172.975718,-1018.82131,13.40405897
-1371.722515,-1017.617103,-9.837319407
3403.355136,-1016.524895,-23.55758341
-2012.84059,-1016.318036,-24.40097206
-629.8900372,-1014.721909,-40.03734011
-828.137787,-1012.507546,-71.52814594
3345.631476,-1011.38013,202.1416819
982.9957771,-1010.131021,-38.13951838
1282.690594,-1008.653157,-27.34314305
-151.9900596,-1007.36558,67.48784494
-1191.150717,-1006.6004,-38.93076292
-1487.287708,-1005.455908,-79.01070862
-1371.735092,-1003.95832,-61.73758249
5912.301153,-1003.175404,-195.7911777
1553.80879,-1002.897415,761.4952514
4059.0776,-1000.010335,-415.0534491
-1458.695344,-999.1635431,-117.7459421
-276.8159253,-992.7810511,-52.75156891
-798.8152807,-981.1912678,-235.6413445
3253.311496,-979.1356244,-175.6750908
1970.04173,-978.7944852,-29.94892488
1792.141075,-976.701305,-719.1529235
-1552.103367,-976.6551812,-220.2925193
-1875.693241,-976.0080515,441.3424409
-811.5294072,-975.4117222,243.4255397
2458.381441,-972.8457743,25.8416316
2303.461193,-971.5991185,7.853968715
-857.0586854,-970.4337509,-57.66060128
1335.340223,-966.2699748,-75.42429159
1773.659317,-965.0234916,-276.2359253
-270.7087977,-952.8548755,-285.9114076
-3110.213641,-949.7007144,-114.6981237
1600.605886,-949.2370439,18.18883374
-2350.287173,-947.1926826,11.49888778
-2521.232811,-945.6608069,210.9780842
2314.327946,-945.4022667,10.03561625
3743.620757,-945.1962967,-149.6782815
-1821.259969,-944.4548136,-149.2187346
-1358.73698,-942.2381542,-71.03576032
-3661.243767,-940.047624,261.0087071
1118.583569,-935.6128022,150.18483
-1916.611679,-935.2080971,-77.08105435
353.7957373,-933.8278858,-52.85883025
-1507.185779,-933.7665729,-253.2824817
1966.506676,-932.084158,575.3882318
-494.9097497,-930.7898642,-61.89158586
1014.652774,-926.5053018,-148.2958985
-1042.585052,-924.9997216,25.05843673
-699.2167223,-923.8597532,-29.32799995
1889.360932,-918.6472052,24.56791636
3353.632965,-916.1920318,-672.6210642
1051.685478,-910.035126,25.97544708
-1624.221707,-908.8632304,118.7285821
-660.4284321,-908.6682033,-200.0934345
-4693.215235,-907.1692444,166.9242927
-1440.796831,-906.2649671,174.0956706
-1325.689618,-906.0203724,-64.21154116
-930.6562509,-902.1836696,-46.39578637
-106.8757428,-901.6403602,-85.82678175
-2424.739602,-901.2708781,106.1586796
1322.228463,-900.9489902,-1.675515776
-1308.597599,-900.0469257,49.08010146
-1455.161074,-897.3229993,69.56064335
1615.832055,-894.5646514,-106.4934499
-1146.869726,-894.4221818,68.0793124
1788.841569,-894.2236637,-20.24547355
-1189.481364,-893.4125493,83.95297672
1647.980212,-893.2911353,-355.8878607
-2071.220762,-891.1516244,-30.30411226
-1716.691325,-886.0504639,188.059756
5934.396812,-884.783893,109.9679133
-2094.696517,-882.2506229,20.23211312
1702.683733,-881.8335105,365.4336668
-1527.595973,-881.6024943,-299.5806823
1781.943033,-881.0781102,22.89960961
-1754.478088,-880.8763956,56.20868106
-434.7952467,-877.811944,52.53840953
-1014.102886,-874.4239432,72.51968821
-1407.714919,-872.4801209,-96.94403416
2607.978751,-872.1113759,-19.19846582
1025.669265,-871.6789997,-103.3357614
-1379.559756,-864.054687,-435.2578297
-1669.717056,-863.2819874,-224.138712
-552.5487861,-863.0005797,113.4937814
-1649.957997,-861.8439761,-188.4265617
102.2815528,-860.3130137,-53.14134352
-415.8463318,-857.9255137,-213.4587579
1820.384223,-856.219756,-35.11424175
-2896.634381,-854.1741654,-111.2643703
-824.6341796,-853.6354838,-202.239785
-1363.632236,-852.753992,-46.8908806
-1950.932097,-851.5304106,-150.717988
-2555.637327,-851.1383051,315.0006935
1465.386326,-849.7964769,-143.1393103
1453.51779,-849.0269399,-75.26147552
-1551.638119,-848.4414047,-482.1362161
-1078.715769,-847.0379639,97.5908667
-2132.449918,-846.8808764,405.4011965
-1122.510221,-844.0305915,66.47678956
-1961.706959,-842.4102723,-404.9441199
1789.506258,-841.314878,299.7609508
-510.516345,-840.3125176,58.93160694
444.9689605,-839.3371129,3.979339058
-829.5472528,-839.1584137,8.031943194
-1616.392382,-838.5741868,-10.48814909
-2067.915608,-837.5920534,-162.2762806
2142.430016,-836.5911163,-10.43703311
-1321.859382,-835.6448128,-149.7548699
-837.4994999,-835.1640195,-54.32907332
-1546.36547,-834.373534,-319.9541218
1818.458813,-832.5554471,7.679429838
-619.5194918,-831.1491613,-256.9254191
3291.133853,-827.8970967,190.329605
-850.8985171,-827.4626513,-51.19838181
-2993.412881,-826.7720607,330.236709
1271.065585,-826.7018172,47.385485
1680.452313,-826.1565589,-350.1005061
-95.32363151,-823.8580742,32.73039723
5919.517317,-823.5070954,530.2365529
1439.571678,-823.1163613,48.92687551
-2160.379473,-820.6511777,-3.630108818
633.821487,-819.4778233,45.77575361
600.6669908,-816.8122927,136.1831293
-1147.883587,-816.6633169,-26.55745156
1355.903916,-814.7092662,240.3609426
-1328.306469,-813.3496028,37.79349186
1823.124353,-810.1826502,-108.7458747
-397.5331967,-807.1827554,-20.57563911
-1725.36574,-806.7520075,35.90627766
1739.459037,-800.7975225,-383.6855324
-2222.983728,-794.6304829,35.02485531
1389.118082,-793.9463938,0.279252679
85.24087353,-792.3831122,-8.485106927
-520.5920655,-789.819229,9.245909036
-4276.288561,-789.4756735,-1106.007825
1111.799612,-788.3638793,-12.37002579
3919.547196,-787.4721351,-130.5274518
12.08167487,-786.5619855,-145.5138349
-2203.997443,-783.5080958,64.11188227
1620.086479,-782.8315961,-49.94491216
2035.444332,-780.1113228,-28.15486873
-2022.562237,-778.8199955,-156.8770663
2427.952987,-778.1283397,-45.39361603
1617.118887,-772.3657577,-168.4566457
-683.167806,-771.9092234,19.9724731
386.6830719,-771.5154744,3.012432171
2011.561732,-766.5320455,500.1479993
227.7640204,-765.4829495,46.46939968
-1242.308139,-765.4691255,151.0513327
-1125.000379,-758.8223373,127.795958
3106.604627,-758.4575249,-117.2598679
6655.899701,-757.1672509,-47.93662959
1410.602625,-755.0910478,6.143543871
1560.721777,-750.1184512,-35.97004596
1961.827932,-749.1492395,2.565633362
1657.890525,-748.5662753,-84.19345612
-1292.456144,-748.3067675,-128.8219563
1635.589509,-747.4505787,-78.51489726
-1579.237316,-746.1648711,68.93100524
6938.55335,-745.1921581,-573.7334374
2149.848556,-744.0316229,-13.89709774
668.3855584,-743.3603545,26.00247479
-722.9784109,-742.9359691,-26.7836365
-717.8741134,-736.9183905,-21.19063877
-2304.011105,-736.1900025,103.913943
-2275.892959,-732.4623411,-26.28988836
-1427.70349,-726.1962176,-152.2589869
827.3173739,-724.2616114,-31.48144051
1855.330476,-722.9901113,-187.1740508
-1162.872447,-721.5735539,-132.9822491
406.0573236,-719.4607736,-134.3973409
-695.2967234,-718.4935827,18.1504275
1702.807426,-717.1935886,-92.62950913
832.5954017,-717.1569297,49.7074976
-974.6702854,-715.1810927,237.3980612
-1219.238963,-714.4653796,-419.1319274
-3023.072856,-714.0670545,-188.8987767
-4208.365129,-710.280751,-97.59711482
-3477.442194,-710.0221726,141.3092354
-1277.830579,-709.1879583,-874.3056967
-1610.859879,-706.1123094,135.0253949
-2111.044142,-704.2976076,-195.4827631
1657.299839,-704.1648873,-33.31748196
-8801.758682,-703.53446,302.1727425
1244.93238,-703.2019711,-23.45966337
1872.602577,-702.3734011,5.585046347
-1492.04672,-702.1038922,6.907294848
-606.3168586,-696.0143621,73.61979829
-5153.185045,-692.1592833,-162.491294
-998.7838943,-691.8486888,-1.060287386
7463.423465,-688.4195832,270.9034244
1983.780398,-687.7211521,40.68108002
983.3560905,-687.2752499,-25.75908112
1940.060602,-685.106752,-420.4683084
-1058.551849,-684.0219465,-82.16422096
-1702.956769,-680.7893655,4.481302928
662.7802156,-680.1253922,25.53109262
731.8663204,-679.854156,46.58342676
-470.9345586,-678.5964406,-1.874132943
1108.163906,-678.5517451,-39.24649081
-433.1133264,-678.5443025,3.933956475
-599.4059371,-673.7048321,-20.93613659
-359.6949535,-673.6487862,-106.1030312
1806.888502,-664.4474942,388.5350306
-1459.482637,-661.1294746,-109.7918517
2611.044674,-653.9115681,41.3445263
-431.8997133,-653.2722142,77.89128178
-428.559543,-651.4280203,-174.2964499
-1240.398249,-646.260872,-61.31125491
-489.3018744,-645.8008829,-180.0691405
-764.6105909,-641.1297778,-65.75144371
-382.5706789,-639.7356903,48.85613753
-1181.847349,-638.2229773,47.37377941
1168.11154,-636.8750866,141.9491225
663.3039205,-636.7526174,139.5493221
1681.971328,-635.5640025,83.85016817
2414.998915,-634.4642002,123.4318419
2623.011864,-632.1508845,-124.8800247
-513.169952,-631.4554843,-22.72821392
-6707.533667,-629.3243365,10.5824505
-1524.839982,-627.559848,-15.25343653
-1385.903832,-624.3041544,95.09937718
-2647.95303,-623.9979723,641.0899163
2213.754759,-623.9263288,2.408553928
1404.144037,-622.5242066,11.79551728
-4131.545742,-618.2008643,-61.97960419
5835.983641,-616.476238,413.4501067
-440.6048779,-613.6184519,470.5738381
1511.27072,-607.2205638,-118.4609594
275.1337349,-607.0921562,-213.8703857
-1859.729075,-605.6983368,-637.0135737
-823.3783626,-605.2741514,-47.11977901
-1924.389851,-600.4862303,495.8991706
-1706.723914,-599.3587783,283.5904351
604.387886,-597.6742348,0.890117756
3269.212049,-597.6537718,209.6724746
-2946.234033,-595.6705208,158.05585
2506.695254,-593.9436655,98.96377183
2941.632495,-593.1371546,-31.42582413
2633.802749,-593.070072,36.75549871
673.9133516,-591.630675,-76.24918993
1479.281278,-591.3708326,-148.3490485
2531.482515,-590.4918646,-53.99660479
-5682.215634,-588.2022073,-550.0587737
270.8514966,-581.3726545,-175.6994691
-1572.690251,-578.6373453,86.64985373
-3254.955284,-578.037641,118.3325068
-174.5666746,-575.6500403,-112.6832163
2092.384354,-574.767386,362.7260209
174.929194,-573.5995426,-19.57911777
2861.301616,-571.2251683,454.8228984
-1791.94675,-571.1940178,-110.0919592
257.0995137,-570.2081592,75.24955257
-1499.087989,-568.8513989,-121.6851991
-1505.520976,-567.6881611,-4.212347338
125.6735597,-567.3453811,149.4167828
-820.2736473,-565.8688859,-408.5003641
-1647.405104,-565.6394704,-64.47799353
2430.727447,-565.2007982,-148.701496
970.1374192,-565.0869067,25.28192519
-1471.583208,-556.652059,-133.500369
3158.382416,-553.4983807,-149.5327999
-802.4895532,-551.948327,6.289773842
953.3928692,-548.6681414,-2.303832928
-2.868199872,-547.780819,-164.6570612
-2362.294078,-542.339501,-223.1379675
-3063.329869,-539.0452247,-99.92177207
110.2453038,-538.0266476,29.55164005
-3594.470913,-535.9146125,238.1981967
-1405.813388,-531.4930257,-123.563271
-2697.54678,-531.1936369,-159.9709084
2735.581451,-528.2755681,435.7970258
-3730.73739,-526.9771982,838.7452302
-692.4592058,-526.5582158,11.69160872
4693.625953,-524.8155716,103.0535169
-634.2332488,-523.5656321,51.02171176
1244.288901,-523.5620543,11.30960126
-318.1394432,-521.1960754,-113.0616896
-1337.113865,-518.0954006,-76.15555798
-898.5173991,-517.714316,2.71485655
1724.583277,-515.4318633,11.93796456
-1167.5036,-514.9304423,-237.8780836
-564.3649157,-510.1217807,209.2582396
1143.335432,-508.3285801,43.4757871
-907.2978001,-508.3192201,-4.7193541
-6034.093174,-507.7575504,-208.2854693
377.3449604,-506.985389,-0.772133469
1352.912045,-506.3714285,-125.3673574
1651.018713,-503.1920385,3.313680082
71.61018648,-493.886859,30.78557665
-822.6085865,-492.5161012,-78.65750801
-2666.77154,-492.331429,210.5690271
452.1936217,-492.2739428,-45.68691032
-750.0926366,-483.4017174,33.65733312
1734.39961,-480.0137501,38.01044558
-2121.316978,-480.0050259,162.3898264
626.4592926,-480.0046347,130.9362647
-1248.429764,-476.978651,82.6770292
42.53214304,-476.563318,145.1840925
-587.8147385,-475.8331453,-139.3472322
4137.987888,-473.6590697,90.88081105
-658.1333076,-472.7426017,-65.90889159
877.7854492,-471.0590002,87.15574275
-2350.134375,-470.4563535,-33.8856604
-1174.71551,-469.3770966,-86.9057625
-3173.456831,-468.0493985,-36.95268996
413.1065307,-459.7686125,48.53676177
240.4603905,-457.4274506,57.78345819
-1886.966553,-456.1566545,-194.1116589
721.1055573,-449.7222445,-16.02117376
1116.806148,-439.0212315,2.094394039
679.5629946,-438.6202313,43.66267306
-1160.352874,-436.6102969,-113.9195152
-1394.210352,-436.1174724,393.8883648
-409.4285645,-433.1099627,-0.104021623
152.5485636,-430.7838543,-146.8135096
-908.8055732,-429.0083956,-7.016166599
-563.7143395,-425.2521713,35.15301133
-2840.412493,-423.9956863,314.015168
-1578.07805,-423.7304674,8.840747659
2464.03144,-422.5125864,-5.672315202
-378.7276968,-421.3585998,52.75663037
2896.848304,-417.4422176,-663.3346787
1963.493545,-413.4150889,-161.0902291
-234.3467683,-411.3539344,58.29693657
-1383.501163,-408.2362827,-147.5387039
-1759.871758,-407.5927263,128.2207594
5247.770328,-407.4794446,507.7510127
-2198.391051,-405.8604164,170.0532481
1182.382359,-405.5117534,5.672300601
-54.6152167,-403.9428545,-157.5320552
2264.600787,-401.7558884,-13.24697578
-640.9050193,-401.4157296,-128.0436189
610.2344209,-399.9349478,-173.6835889
1549.571388,-398.4389221,8.656790854
291.1091742,-395.7177989,-136.9776345
-886.3228571,-394.060419,6.941115197
-4754.211861,-393.3735989,531.7205962
-105.1978919,-387.9953781,-85.52186912
752.012722,-386.6479746,86.48820572
1131.402513,-385.8220056,105.2128045
1443.292788,-383.7607937,140.1198856
-1328.74198,-382.5169494,169.0400357
-1426.937342,-381.0123782,14.43573747
1450.891113,-380.3635137,-15.4458909
-3450.503029,-379.1104868,-109.6954184
1419.850535,-378.3237762,360.64467
1779.228417,-377.8621227,-18.09579879
-2683.179477,-373.2766068,-244.1566458
-3014.048755,-368.4768113,478.7597932
-1510.878219,-367.7537192,-147.8113968
-2035.91673,-362.6520043,12.27168701
685.2581924,-358.5489564,30.65706421
5973.696886,-354.9029895,-461.512059
690.1441774,-354.6859293,79.3656476
-4797.57026,-353.1533974,-421.7146876
-135.3255555,-351.2518576,-126.1670581
-138.6786483,-349.1934703,-118.6092443
1402.619509,-343.2188103,53.70624388
1714.978414,-341.7527858,-67.48387237
893.3904506,-340.0810889,45.24771523
802.2699413,-335.5967862,48.77231125
2174.899377,-332.8063715,58.76750127
1912.315036,-329.6267639,-75.90387942
-1147.792962,-328.9075473,5.209791286
-2622.412158,-325.7091453,-87.20107898
-3395.034404,-320.925239,1162.909019
-810.8170563,-317.9189893,12.00905553
2277.775966,-315.6623425,45.75951363
-49.26699088,-315.3325257,-61.34461555
740.8484701,-314.1663634,-21.63424164
-3870.81344,-310.0783772,-147.1418007
841.0373475,-306.6113588,-92.98201306
281.9444549,-302.242634,-177.9233388
-645.5898975,-301.4551461,-46.20042415
460.3698916,-300.6841594,-12.19012656
-245.85227,-299.9453022,84.843839
-1386.188066,-298.4384823,11.87927006
-365.3311915,-296.1562235,25.79945354
2282.125324,-293.561605,18.07182594
431.3561479,-288.767772,-63.82826596
954.2646406,-286.6562336,-84.89522628
-1231.633038,-285.9302651,-186.0321042
-111.3341864,-275.2850804,-98.9536429
290.8312632,-274.3531669,-12.14562449
-506.0920194,-273.8712838,-25.32563615
993.5053755,-273.4704269,179.6579932
-2103.865015,-270.2577965,765.3350402
-2.215929854,-270.1288948,-51.48271432
-185.5413111,-269.5609338,-42.55966238
-2464.252674,-269.4443168,-17.30654428
-124.4423769,-268.5789709,-104.7636923
1204.794205,-266.8758423,111.2169427
1834.408805,-259.7685649,-421.2655108
-586.7291602,-259.7575878,20.94965602
1139.789901,-258.5355469,24.48168884
-148.4484511,-255.8811141,-105.2801634
4963.562129,-254.0488641,243.0764545
853.5701191,-253.1631169,-131.6301182
1922.13941,-252.3719029,190.7682121
653.1355078,-249.5388226,33.82875262
1479.493075,-247.0513597,-8.115741425
-901.7927634,-244.6736814,-33.6095446
763.1539763,-228.3765499,73.75743944
415.453025,-217.6554424,-30.41204391
-2287.400525,-212.5983999,460.7057175
1853.802597,-210.5586533,-69.06506823
2691.630023,-209.4725994,-35.34190804
1786.887561,-207.3820621,-63.447026
1922.291782,-205.7730696,52.98819672
8993.682462,-204.0952063,232.4261764
-2806.019184,-199.661234,-147.9213719
2004.130231,-198.9790315,8.084692448
771.2744029,-192.4432937,90.00763378
-1819.529785,-185.7836803,6.065182567
-505.8729985,-183.3232167,-56.26817572
1749.365974,-180.7793877,383.4546953
1669.664834,-180.2043327,-46.32214822
-1296.575778,-178.9922364,18.27649406
1101.900903,-175.9042225,18.11362784
-1895.867853,-175.5406097,9.304662272
-1703.4246,-173.9287226,-49.62289059
457.3184748,-170.6205673,-108.3901962
-2509.255285,-169.7439616,-415.001089
1524.195464,-168.2727458,68.82928053
-1331.376025,-167.4837204,-18.73724602
1700.78934,-166.4641604,60.8712027
-2395.30606,-165.8157822,-399.2117304
2426.777506,-162.8881478,-229.0576122
-346.4989832,-162.0908016,-51.58513992
-1130.141871,-160.2393249,-102.0720855
-763.6150682,-158.9712097,4.492452657
1176.739807,-157.8468356,-174.2636041
3503.026049,-157.8461932,-99.7851635
395.858349,-155.4540833,-63.48382101
-1676.269942,-152.5525153,689.6432495
-1658.966786,-151.2697518,-84.67977086
-461.992843,-149.6649724,-57.30627383
-290.3477243,-147.4930131,-53.32926096
93.46860338,-146.6033645,-19.90160047
1301.961825,-142.8179751,24.46285814
-68.88039219,-141.9166009,100.419968
672.0291323,-138.8036184,-138.2403734
-3311.921175,-137.6525323,-318.0092986
-1242.04453,-131.4208946,-7.411671703
-1260.49939,-130.2599407,44.69490498
835.9431155,-130.1579135,-82.20720852
-689.7960741,-129.8396251,11.27155007
-1651.054127,-129.3608974,-97.81118685
-330.7507032,-126.8308512,-69.56225656
-1553.076311,-126.5945976,-481.7559351
-2003.306492,-125.6863383,-105.195272
-1360.944373,-123.3766619,-36.02239254
1595.250102,-123.0278815,6.422794398
-940.7495517,-122.6829523,-49.38799731
-903.3370514,-120.6913691,-34.05532265
-536.5788568,-119.7429403,15.64476623
-1233.238565,-119.181855,-6.271115759
1234.27002,-118.8466855,-157.9651309
2469.138816,-117.3054538,19.414843
-1356.612042,-116.77972,-61.11681391
-616.9571637,-116.4637462,37.96121626
-1290.562113,-115.860751,25.3321898
28.439594,-115.7852862,-51.81657074
-2032.186487,-114.6842713,704.8273544
1495.736665,-111.1524346,-20.41972151
-838.4980027,-110.2414777,21.99809367
-609.1006981,-110.1433488,5.077629447
1094.368283,-107.110912,-29.7542342
2397.668793,-105.1037534,-11.72856589
742.9666344,-97.15389032,-32.58376492
590.8692976,-96.65266963,39.1373814
-417.7356826,-94.06419346,-26.26455803
1696.785717,-89.81567093,53.39829043
-1182.081754,-89.08865488,36.63247346
1420.162674,-88.35372061,16.14307664
-887.3824668,-87.16498073,-114.6979673
-2066.87777,-85.90511186,-74.40829659
-1265.248917,-84.70316891,518.5272918
-2182.976548,-83.47993887,-103.0218077
-1296.692085,-81.80816483,-43.55526539
-1806.121413,-79.80447134,20.51066941
-1377.019441,-73.371563,-8.664455529
-1117.613549,-73.05636603,377.7919022
585.4374333,-72.50506974,10.2969198
-733.3876309,-70.48801205,18.52088034
-3350.741436,-64.33752235,240.8163391
-293.0953316,-63.20883375,-82.58795254
764.1935363,-58.66732315,-73.93499996
-4259.426276,-57.24602623,-279.9494402
-1290.174736,-56.33024551,-81.92712095
-177.6904604,-56.02558695,-25.12436867
568.484667,-54.43844499,-184.0153228
-2216.859644,-53.01745918,124.7536214
-413.5933662,-52.98253216,4.730613464
2797.360178,-50.78164849,-133.4101223
-1392.738137,-49.85240027,-32.11261361
1229.003041,-49.36186122,-3.864152608
-770.5235407,-48.88228767,-176.5445985
2298.518876,-48.14710686,-67.02860496
-541.7341333,-47.87200259,-100.2067873
2492.236904,-44.37238216,-191.7975703
-698.4360165,-40.76080852,-43.89404736
-1688.207119,-38.31077889,492.5139668
-355.2275253,-34.64258815,-54.16914547
-2216.837227,-26.6981556,115.4119516
1298.132709,-25.37872528,-64.86439721
1098.806689,-25.31916851,44.52863219
-1457.101528,-20.09193642,-47.06858634
-1284.8448,-19.51105131,-4.261213559
-1062.73636,-18.73567173,14.47077597
3293.849423,-17.24671286,216.4706259
-1644.489571,-8.036556085,442.4912021
-1677.735924,-7.906202804,28.69949294
-5.915607644,-7.2999554,86.49113387
699.4292603,-6.592160665,27.48187103
-1546.601334,-5.938551995,432.6950957
1284.424071,-5.156036374,38.12112365
-2220.75292,-3.875948969,737.4560623
-1004.989147,-3.85890027,2.631080842
9470.886763,-1.652981588,46.28385314
1320.081902,-1.612785094,177.7784296
-163.8126009,0.943503283,-19.73680762
1598.170403,1.115733603,-76.48607338
-747.9113102,3.524475106,10.96585992
-996.0465568,7.475385873,-347.6497882
-3397.602877,13.04592263,-323.5637438
-1050.94407,15.22528548,-111.954243
2529.870373,17.66211401,-18.54570254
-138.4808133,18.30511515,-19.20903745
-1618.587472,20.6233828,-85.96668487
-357.9941684,23.77794643,-101.9989442
-1964.460888,24.68744309,73.75601008
-1078.642098,24.85452745,-12.42891286
560.9531814,24.88412259,92.05057669
-2167.861301,28.37885897,255.0706186
1312.34445,28.63545777,-30.01757127
1884.824058,30.59632569,85.2709527
-2658.593982,34.80290166,149.116722
-782.0224911,42.21593648,-229.1607254
1797.974222,45.19753766,-111.5790347
12.09983686,45.69914505,-245.4896782
-141.8212188,50.16582156,-13.0817528
-333.9748942,53.07569713,-224.676969
1548.396225,54.34176498,-44.90103936
-650.1324827,55.96462876,-67.318016
2531.952546,56.13164683,46.41705123
909.9189743,60.27724201,12.57434976
493.8027198,61.59390397,-58.01779793
-2624.456231,61.84873895,441.189559
1748.87298,63.21133951,-496.194143
-2985.755051,64.10669353,367.747342
-973.3938875,66.35933791,-67.71098979
-1969.157519,68.07630031,-149.5335531
-2151.55621,72.87822817,-30.06057427
-1184.150476,76.99066071,-28.79388629
-769.7057901,79.67713194,-16.74966442
673.8101996,81.65932043,-118.4591501
-1328.972999,87.10549231,-21.61949129
-2911.019945,88.93970334,196.5034579
847.1637742,89.18999472,-16.20754603
-1207.322793,93.95832327,8.031597271
-561.2627128,106.0516906,45.45554005
1588.677786,106.0768747,-147.1447903
1288.486168,107.0649442,-13.76567535
2148.138613,107.3165285,96.91574239
-2552.379343,110.9929688,128.0790726
-552.1351057,114.3416836,12.99247782
849.2655488,114.372436,10.76909618
1466.993697,115.9701712,-114.2646633
-4129.248242,116.7828653,28.83958629
1753.26062,117.9882897,-52.1532571
-1843.10961,119.1885519,12.24967808
-364.7667121,119.2241391,-13.66932271
-494.2445812,121.5810609,-4.619474047
-554.3356417,128.5900545,32.81149537
722.4040983,129.981013,-54.15953232
329.6114344,133.3055202,73.17745966
1059.192213,133.4314821,107.8744467
-461.8989187,134.6312573,-120.5811487
-1587.578927,135.8244081,44.50709213
-4764.667835,137.2505271,-58.23844298
744.4000472,138.9073039,33.72433315
1230.079682,139.0626029,14.47647808
-2595.917716,141.4986993,-34.48669469
330.5756648,141.6849109,98.86412816
-2264.168031,143.2428679,37.22375957
-1771.210703,145.3088077,54.60765046
-495.6331217,147.0014274,-5.233454912
2214.733002,147.1024037,-41.45614127
307.9038429,147.6549766,76.76738494
-771.4510673,150.5138967,-2.194923215
1501.98966,150.7128153,-102.3802149
-427.6231535,152.1015812,10.93377962
887.8613676,152.5624856,15.09569356
-1436.222672,154.2485614,-326.8529013
-1124.037063,154.5735559,-87.70231486
-606.3700691,155.2382193,9.614291778
-190.2053793,155.4596788,13.04614712
-1856.364861,155.8833127,-64.07725941
829.3798367,156.4131224,-0.147305788
-1767.484608,159.2986272,-35.31440726
450.1609569,161.0923229,29.07535798
481.6040177,161.6099175,1.950575179
1569.604716,162.7566352,-137.5038718
-1369.934766,163.8398479,-28.90053944
-596.8192677,163.9432305,-9.506783723
-325.9185567,166.0637991,-102.9558595
5405.364026,167.0374172,24.54064132
4937.130157,168.0948017,9.484113329
-1696.631508,169.3463379,-56.56273433
-1005.112593,169.641204,-37.02077257
5660.122247,169.9660229,-122.5711877
2146.094996,172.2937198,0.375769386
1177.44551,172.4004014,-0.415388354
303.5161603,173.7550025,13.67989588
-1873.526115,174.1315742,-38.75683398
-1451.881738,174.1545184,70.75041976
-2167.992098,175.1941949,228.2241332
1172.875725,175.4967347,12.62652047
1398.506437,176.672449,-111.1871885
393.0849517,176.824334,-29.00647631
-952.8630197,177.9792285,-35.71358014
851.2469774,179.5410482,42.24447353
-726.461022,181.1270758,-21.17465451
863.5377562,181.1890478,54.12090746
1073.503653,182.5333029,13.87446857
2174.569284,186.0440328,-46.09822372
1045.70894,186.0808368,42.84547385
-1364.495238,186.1847954,-88.81423063
-724.5669529,193.6050702,-4.450563472
1440.969493,194.0584913,76.70869099
3942.64228,194.2069346,67.52419436
-2022.257331,194.3650167,-41.49127205
-2211.357144,196.5803339,249.0215945
2336.712486,197.8621625,-501.0282652
2620.620399,197.9654026,-69.27788588
-1428.802737,199.2795612,-82.67645013
491.3610768,204.5338755,-107.6066261
-58.42901178,207.0353275,-35.30472698
1397.210904,210.3106397,11.83738265
944.3307515,215.413476,28.2394427
-916.763933,215.8692514,-63.87767539
-4050.082174,219.34461,625.7302322
1104.465961,220.6940764,39.72488795
-759.0677118,223.4057767,-95.47286419
1178.963166,224.4727691,255.3171129
438.9296298,225.8697918,18.96357769
3154.552156,226.6745192,-229.4784469
-1265.789046,227.0672392,3.815633212
1125.945507,227.2349495,-55.77628537
-2186.188838,228.2347109,-92.1264382
-2375.043112,233.2935289,-234.8368443
-783.5258713,235.5162766,37.15228728
2635.569955,236.6093901,175.7583839
1294.766914,238.568683,157.9228343
-1734.168104,240.6357098,-27.50351261
-2779.846441,243.2050499,-92.56925806
1875.076692,244.5283593,13.20156322
1647.049138,245.5654035,-257.1998663
1273.336006,245.6668573,21.7304268
-1975.573469,245.720539,-28.49362171
94.3846537,245.8804292,-59.45041352
-941.6357632,246.1554309,-72.83950365
-2276.483751,246.9032731,27.57728092
1211.497961,248.9051806,54.43253048
1799.642835,256.4475712,25.38324386
1771.336114,256.8315134,22.49321139
-1154.679058,258.3129557,42.97313208
1055.485511,259.6428025,-10.24458198
131.7716156,260.7503682,76.48193778
-866.603551,260.8180649,275.4781706
1707.802651,261.3305285,33.17318047
-1930.692798,265.5019669,23.13065462
1142.45962,265.6484953,12.07868669
-1252.643208,267.4002713,-53.9081422
-1662.731158,269.0058778,-46.75398722
-1473.627871,271.2589828,-42.90061757
-899.6329405,271.2725782,-25.91834484
994.5461965,274.8776415,18.55115259
1036.205093,275.7128571,39.88013819
-775.1798816,275.8766999,-17.8100437
-1328.773927,276.1434347,-47.63038713
-541.5260017,279.7418398,-24.37401376
1631.023144,279.9679704,-60.9708131
802.5891942,285.1579553,20.96487313
1397.75974,285.39379,33.86877326
-1249.207832,287.9430919,9.621211717
786.1806395,288.4794569,-105.0504877
171.2201019,289.6327408,103.4434732
-1747.743115,292.1583211,4.639079853
781.4449078,292.4812265,105.2596231
1202.607866,297.1698979,23.35321681
-1223.389651,297.325562,-150.7954641
-2207.842472,298.512014,-17.49849118
-925.5549199,299.4813607,19.69783647
-21.80817609,301.2901226,-23.61494139
-1080.282114,303.0433723,-6.266397568
-1793.432271,303.6583404,12.38144464
1200.749423,305.3977195,7.352330856
-1209.164446,305.5165791,84.14844891
1400.624645,307.4347953,9.510578436
223.9751192,308.1621857,55.6436279
-1791.432876,310.7223135,-54.59756601
-1641.780811,311.1081188,2.916443699
-377.6171398,313.6151391,-11.48217248
-1047.523092,317.6628333,28.4727099
764.1879868,323.4345296,-44.36018419
-1748.528716,324.7020008,-164.3530929
-622.5433125,325.8729431,21.34593504
429.9006322,326.1940951,83.05936886
1833.569187,327.5990261,38.36555882
-2992.056896,327.6835237,-17.86159474
1782.07347,328.0363016,59.79408328
2372.178918,329.1670262,-72.33430152
-2183.427784,332.5515546,-41.63620333
-636.5022364,333.8877743,-18.57033235
-2765.97174,335.6990458,220.7520897
1786.047949,336.8315988,41.24557244
1488.429873,337.6166352,132.7234787
2808.62468,337.8915954,239.5363839
-552.7450412,338.3246248,-50.09358933
1090.338953,338.5592439,26.50672726
-1367.262596,339.6297939,-94.80820499
-970.6174153,339.7152165,86.71450161
-1390.509574,342.3140032,-92.35392823
-428.6432824,342.9169785,34.24736996
-357.084595,347.3708762,-53.15135303
574.8020705,347.4272812,-21.92861191
1333.757374,348.6609516,-34.17318973
-102.8048675,354.5494862,-112.7910503
-21.04924082,355.3466122,-4.659896023
-1828.752614,355.4734984,-8.453996816
1412.231685,356.8250741,33.56390103
1546.637884,359.91391,57.39540551
769.8564692,363.0878829,37.31227799
-1417.927878,368.2856742,-8.437747618
-1557.121659,368.9489358,-75.18524154
1502.067506,370.0552632,-7.830037191
903.5332464,371.6717969,4.092436062
-707.1880585,371.7545077,41.03213227
4478.565095,372.1400619,1.5687019
-671.4133807,372.4769524,-97.67800211
1988.781038,375.7840783,10.59759079
1774.118371,377.4241446,-107.443111
1492.260413,380.3724096,370.8526523
-1321.537142,381.1922412,-40.10059149
1607.784951,382.1389016,37.5021624
285.2116052,387.2759873,44.2792269
1342.383659,387.7129555,87.66286207
-616.6886931,391.5135425,27.80650768
334.1432606,392.8947873,-98.01513913
-1357.242167,395.0860514,-63.44848987
1321.311689,397.1667314,28.17812767
600.4184705,402.4005599,41.80250719
-1473.541642,403.391819,-236.7827509
1385.87239,406.5706002,45.64062181
433.9819454,407.2511901,-97.03164039
251.2692374,407.7941335,-183.6755699
-717.2931034,408.4733406,-30.26770339
347.1978977,409.256885,120.2598102
-415.6674751,411.0501648,40.67323682
1738.4809,411.9207219,-125.2456696
-819.0436027,418.4045103,22.4776039
-563.2799804,420.6211115,1.595055035
-441.3219667,421.2945564,-59.2859045
-6486.863882,426.3085697,-43.11594869
-4615.184399,426.5128974,-37.21176522
-1887.775306,434.7862753,-104.236694
1705.061279,435.2485754,30.4091037
-1877.071761,437.4990416,-48.78721648
-554.9632327,439.5431127,38.71256143
1699.735568,444.6492011,-15.33252287
632.9294641,444.9953296,-21.34127543
1706.28884,445.7272219,40.02045642
-1134.920143,447.5146287,50.27848972
-498.4759031,451.6733864,21.02203784
-1419.100152,452.0740476,-266.3696962
-1394.637687,452.8761613,-221.7609143
-1280.937794,453.8554798,-9.724717064
641.1767718,455.6606142,-47.00799926
2391.237761,460.0470004,-419.7376914
-4056.892911,460.7901127,-221.8408837
-1114.348485,462.7179671,58.16817134
-1131.085947,466.1999855,-38.44676911
1508.309447,468.0539166,48.25085087
-6479.182914,472.3907948,-245.0238775
4983.449172,473.7074161,567.696779
-1249.504398,477.1393322,374.6969678
1854.502513,478.9163826,50.15503296
-1631.797139,480.2640156,58.21143269
-1327.758767,486.1534975,10.36506853
479.0958328,489.5783048,37.09806571
-5220.312196,492.5455474,162.0353759
996.0740676,493.3724961,31.04886226
2413.213095,494.9225912,112.2950821
2136.388354,499.5120911,-162.2728353
2233.681288,499.6962676,-137.1879946
-108.744649,500.0056677,17.68992838
-1717.67869,500.0072262,-9.679374273
-695.0049521,504.9506549,39.91181104
-2488.398568,506.7227112,-88.23640177
4194.222334,509.0422347,-305.0754207
-1327.636871,509.3662039,-3.226412887
3048.156982,511.7273914,33.98663527
-1191.696194,511.746727,13.581904
789.3678064,512.2297906,0.328470959
-895.3887226,518.4125152,53.13661129
-4360.830208,518.4537232,-344.0794006
1583.68441,518.8518682,70.43031727
1725.693203,521.3461584,31.46668881
-52.48674881,523.0779736,-17.62313046
-587.6513334,524.4988683,45.69297077
-183.4605478,524.7617521,58.72249126
-863.3407688,524.9194153,96.57807375
-327.1314118,525.3541873,12.20726311
-1954.477843,525.5292482,-66.78600035
1708.323876,534.0467767,64.06696484
308.9229498,542.6994723,140.156676
132.4728292,543.4253848,-43.13699852
-2762.667204,544.5178658,-81.60401798
-1125.249319,546.6344316,-2.401746108
-1380.786022,548.3651768,-479.0058407
-1062.23853,550.1418225,64.78641796
2321.836516,550.5707038,192.829185
-1476.652461,551.8039997,44.03242427
927.2833256,552.5524722,74.53455293
-1992.940971,553.0660496,-84.8777392
-2569.090024,553.1106106,-15.13610972
-1075.00027,555.0866405,-18.79469487
-2149.184029,560.2210798,1.162912827
-1173.960095,563.7276082,83.98737027
-1516.775354,565.2893745,-31.6456908
-1657.068336,565.4033036,21.08638379
-958.7406234,567.9014232,-39.10742389
-1784.876625,568.9403722,-99.49013006
-4894.005163,569.718398,297.0360387
143.8988911,570.3569502,-57.15818851
-555.4577746,581.4565007,78.98733136
-1250.203972,584.0426251,-16.85946115
-1595.911568,585.2843845,-22.54899268
-1591.572788,587.4778094,39.68482015
66.10058952,589.3000319,-2.276950947
1860.4913,589.8252319,31.34197399
-1928.534626,590.716546,-9.85688225
-5625.097409,592.2141898,-297.4180513
1834.60133,592.5600838,-17.16124685
-1552.321572,599.3023354,-5.51802285
-1547.651476,600.2944457,-4.635588468
-1388.45912,600.8399143,18.48432226
-2642.175179,601.7424949,30.27036106
-1043.411748,602.171265,-101.7973095
-731.3209253,603.9270931,32.29195563
-504.0487956,611.8951375,-107.3273141
1.607281785,613.9350159,-8.787083742
-2350.293074,615.2727187,49.61800742
168.9668865,615.5279735,85.50733915
-914.9913602,618.0993103,63.08766513
4181.217965,620.4115516,-5.902003481
-492.3265189,620.938814,49.85567251
-1512.541653,622.8070991,103.1991549
-1364.290827,623.1815558,18.84905983
-1062.533243,625.1307656,-123.9178482
-834.9099833,626.184818,115.4031777
-1056.195653,627.1230868,40.10455958
-1080.340521,627.5117075,39.91761895
2320.753816,630.5348566,23.50572012
175.290469,635.9544752,-111.33803
169.4247483,637.1925463,-107.2609603
110.8251955,637.6276927,32.4453632
-1399.165077,637.9312024,-28.72051589
-1073.00547,640.6553558,26.83237616
-794.7208893,642.8635966,-75.96120245
-1727.519598,643.4886098,-319.7490394
2243.493009,644.1588708,348.4228316
-672.0975217,645.6451783,-7.157175848
184.0181753,646.8577209,-93.55960737
-1667.507742,648.4582961,81.24511174
-1415.093348,656.2641665,20.69201682
-467.4102264,658.1965344,-66.37019199
-850.6324362,662.1992843,0.752585912
-2348.191471,666.6850242,2.982243351
-1610.50245,666.7626683,415.9007144
2617.81308,666.7856284,57.0579022
-558.7625217,666.8521543,-41.63710619
1934.061384,668.9728248,45.72661513
1330.492201,670.3320921,174.4860721
1547.940314,675.6351248,-10.90701029
-1871.296906,675.9227923,-193.3320116
1216.407218,676.7655257,-2.429497085
-1845.164193,677.0606365,99.90994547
-1815.551422,680.2519156,-27.41105362
-1794.981535,681.4910564,3.351030463
-3184.362486,684.4123186,-77.32618309
78.78291385,685.0895068,23.35851351
-1482.73413,686.3759093,18.53674436
-1537.885114,688.5735965,-0.882263897
-100.2324907,689.5962879,-40.17969082
-1110.572729,691.0017417,-2.967755314
-1372.098071,692.4955511,-12.87619047
-2149.858166,699.3610247,-33.54137987
-2078.366232,702.6796478,16.46563066
1964.904798,703.5377734,62.67164256
2190.233684,704.0505457,104.8724956
195.9400811,704.1503478,11.86475085
-1868.070349,705.8849625,6.970830876
-575.9421482,706.6783409,25.30542216
-522.7052669,707.9448904,-83.95972907
1977.115984,710.2467503,-95.76502748
-1232.688168,710.5458694,23.09649858
-1529.591576,711.3111355,-18.84357901
-1470.61202,711.8718255,22.24388329
-1625.784161,715.3621517,-53.02692344
396.1786063,715.6085259,-8.423159173
2217.328078,717.8873194,-40.68155941
-839.9943397,717.9301916,3.278596189
-1318.53431,722.474775,-419.78384
1359.640694,722.9337806,-18.54542036
247.9644477,723.4207748,-20.02536546
2584.319118,725.9326807,59.5099815
-439.7745068,726.1540206,42.41133664
-5935.811768,726.722905,-215.1010854
-2202.51224,734.8136736,-25.93644959
-2083.860595,735.0698031,-75.62013964
-461.6808215,735.697021,27.59913651
-1313.49297,738.6058243,79.23796601
-1162.668041,746.4196162,-459.3438625
2168.449296,747.5037471,103.3527843
8.261598599,751.3264365,-107.3374671
-276.8545299,756.9498948,-3.798171461
-1028.433777,758.5038711,16.72850314
-939.0511956,764.5078682,-15.2174743
-41.0624011,765.6189972,-20.74681603
-901.5075828,767.5144402,7.852527802
-1470.312592,767.6808554,33.58551973
-656.178314,768.829367,80.79247918
820.1648802,769.3783531,31.80438762
-1095.537437,769.3854403,-58.6836297
-1412.668389,770.2118092,-4.773992098
-1706.129878,772.8579439,203.1438863
-1006.600544,774.3474839,-6.428020189
1534.22297,775.3279159,-82.87038318
-1635.43826,777.9628248,-225.2566115
2500.745504,778.4167106,347.1359236
20.81617782,779.3435489,-179.4166088
-922.3913522,780.0331995,2.530027434
-2038.831163,790.8104908,-27.48192922
-414.6079527,792.7348495,-26.39514984
-946.6455804,793.2044131,-121.5314945
718.8296244,794.428865,88.27088743
61.40790222,796.2500945,240.3556876
-84.51785452,801.442466,42.37577109
-1253.850144,802.7959558,-22.3488
-2055.98019,804.9020448,18.49748117
1717.261996,805.8867238,-163.6270879
-378.1015945,807.8944791,-3.113661062
2995.622391,808.280954,180.5336177
2568.242216,808.7781605,87.44029618
-99.30300297,809.9266648,3.702877833
-813.0782234,810.2449871,-17.63132102
-2902.93882,814.3394746,4.735948978
-378.0846264,814.5136028,-4.858623867
1349.159765,816.1149864,-128.2507583
1013.735007,817.9810328,-32.51716928
-407.5057923,826.3400018,-92.61333933
-70.15777341,826.8327322,116.9167219
-299.5255434,826.9791808,-122.2042694
31.83643614,828.7258581,-33.16464167
1446.838809,829.9543183,-7.569117923
-1434.197854,830.3724385,76.41418708
-432.7797429,830.6540879,-26.16257548
1807.321876,835.8656396,-83.45817788
-3880.43701,838.9801782,-151.821855
-2336.225386,843.3966126,-77.18873096
-1026.731001,845.1685386,-75.74689584
-102.54795,848.6524737,-73.73531587
-1118.041887,848.9475839,-22.05307351
140.7142432,849.0661364,-24.64138207
990.4339156,849.2044333,-30.29008675
-1720.896501,851.267592,-16.08476624
-5165.178997,851.3854633,447.8668627
-2065.805214,852.3071937,-167.6372969
-1176.603103,852.3446872,-56.83019602
-2026.820354,855.7456005,-92.21018951
2502.126849,856.6694975,38.7763362
2441.949584,857.0729243,-7.227049974
-992.5623079,857.9667614,-7.556535751
-448.4683545,864.0755204,-30.42416769
-3004.713805,864.4262349,255.4040602
-1908.599774,869.7990281,-47.96410094
2089.660925,872.4104674,-425.0096389
2348.024832,875.5558,-426.5506192
-5746.587708,877.29869,338.2391429
-2537.498733,880.1759371,-31.40857846
-4056.666867,885.9798914,-76.82815245
1905.441413,886.9029478,117.1374473
1329.695541,887.4674414,-130.871341
1160.348273,889.4016522,-0.765501375
-417.1711848,890.1606444,310.7140641
-3061.110019,891.073015,-72.9063479
-5953.227122,891.8403488,-64.09077001
713.1314678,892.6850885,-31.71501922
1980.052177,894.0278388,45.12870085
964.8925189,895.0655965,-48.25976437
-909.8263626,896.8974971,-32.78520545
1518.344403,897.9463768,-4.310260832
-3419.529015,899.0105961,-528.4186448
-978.4312336,900.0288557,38.992049
230.200331,903.1118775,-4.554593087
-748.7593237,903.4880638,-36.67143005
-582.4326415,903.7585511,42.05590847
-632.9071248,905.5659665,-51.13561915
4186.128729,907.3676389,329.5849448
-1013.638269,910.4440682,-97.9033093
-2386.111068,910.690064,5.79483721
-162.0927932,914.6059565,-16.21328558
1595.649466,916.427737,-57.82720746
-468.7972255,916.5045155,-56.65363549
-2769.141377,920.0972771,1.018574131
13092.88475,922.4328821,-1199.119087
-745.4702282,924.8618545,51.24147809
-67.59851061,927.1626792,26.45387744
-120.9425238,928.6676933,-52.85093434
-976.6372127,929.3891988,47.07942105
-1569.184491,929.8623883,-120.8303433
119.3123339,930.0904529,-23.24470773
-2070.207262,936.0396714,-67.82791051
-1605.280619,936.5474878,-42.82449692
-371.9241373,939.8523598,21.70202584
-1141.004147,941.2403601,-74.41183522
-353.956445,941.6858608,44.62706182
-2322.963695,946.5653642,113.9064632
969.4303617,946.6883394,-3.310886296
-1209.201057,948.4755858,-24.41037035
1100.768818,951.164404,-24.88543637
-1174.04257,952.7583257,55.17803946
-940.3752768,961.6216703,51.9047384
-3747.778685,965.0554443,-329.0576152
-1352.801767,965.3004042,-19.14444224
-545.295425,968.1385261,64.26269406
-588.4098826,972.729275,18.45447567
-2475.398521,975.5845189,-428.5580592
-2439.690729,982.2335498,-145.1977968
-496.9189294,986.2973411,-36.25096419
-975.1467629,986.7892623,43.35600077
-355.0224421,990.4497083,-62.32528289
4303.820727,992.8241429,-353.8196834
-806.2853744,993.5503346,-61.01334049
-4.165590639,994.4556953,-32.64227092
-1691.960916,995.0507382,-22.61163665
32.90756068,997.2383166,20.90053504
4748.718069,998.1152997,-446.734312
-1249.580816,1002.177683,-24.32441717
3658.785426,1005.736625,-137.8116406
3133.487609,1009.070017,17.23679293
1459.646365,1009.576762,28.50000196
-396.7073607,1009.68334,-19.69321384
487.2158592,1010.10302,-111.5418991
-1207.885168,1010.665372,80.60971335
-36.53982783,1010.95022,-28.0801395
498.3705809,1011.930933,-2.559348619
570.7633554,1025.880662,-8.605792404
-1034.676691,1027.119778,15.26786124
-1270.494822,1027.358646,-18.25157563
2709.0814,1034.497592,26.3192038
-2145.266744,1035.21541,-9.146200938
2528.712174,1041.227454,41.05034789
-2220.115887,1045.180559,-28.26742555
-107.8519599,1045.446341,-3.301808448
2033.480256,1049.557424,53.9283017
-1469.403089,1049.663578,-137.0471987
-352.5351207,1055.452649,-22.53205754
-1365.56148,1056.187469,47.31676098
-457.4986008,1063.321408,-31.72716225
2653.157332,1065.486769,71.37306535
-1871.140496,1068.57856,31.59281834
2867.510979,1070.977699,-514.9791753
-999.511726,1071.8451,100.4260462
-266.3172506,1072.125067,25.45512055
-189.3713943,1075.075734,-97.809205
1894.882834,1076.880759,422.0744894
-1051.327989,1079.218368,-138.441949
-1527.868586,1083.39344,2.288300613
-513.0108193,1085.773213,-17.81654012
-552.0411395,1087.661999,-25.3368684
-4433.089625,1088.871249,194.5167808
-1384.725355,1092.80557,-2.770883581
-1424.352899,1093.734567,-64.59502849
-6551.697405,1097.553681,-9.275374763
-652.6336768,1098.286895,-33.45413994
-1005.378403,1098.332009,54.59912597
-747.5686609,1100.01388,3.249799833
-2320.953572,1101.077115,-23.7635406
-1410.266547,1102.217419,62.81739569
-1506.217221,1102.38436,-113.8349994
-509.5074235,1103.686723,-30.55819606
-1439.985821,1105.738802,111.9979279
-2638.328013,1110.13482,-59.95814813
3162.658984,1111.887058,103.0112821
-1090.293064,1115.705467,7.895835823
-792.0092587,1116.527501,15.76939917
-569.9458683,1121.483515,0.65868723
338.2026177,1121.595915,-59.75444496
601.5568946,1121.898867,-1.110901928
-1945.386887,1124.07525,192.2230254
-882.8163141,1127.112274,81.29745737
958.809422,1128.591211,-18.09337824
104.1514871,1129.146631,-11.67709352
-1280.132072,1132.963556,71.94760633
-1148.55966,1133.820488,-16.0564152
899.1143091,1140.521064,44.8794131
2363.238352,1148.036645,-59.16375725
-449.6646127,1154.520706,2.162461845
-1791.633801,1154.629194,47.99738602
-954.3418997,1158.121067,-31.43457224
598.2644025,1158.61984,9.786318314
-3905.055392,1158.954538,-193.5220045
1511.772554,1160.02388,479.7013063
-123.4493881,1160.897383,-36.0765
-236.2318282,1162.154724,-70.24899058
-745.9870212,1171.86756,48.2678467
2654.012462,1174.4343,-321.4372857
-3114.141048,1174.872832,225.156298
-3401.96173,1177.369959,21.36270467
-2754.355054,1178.242628,-373.6757271
435.8707759,1178.944144,-12.50490329
-2533.253251,1180.199015,-85.87344809
-980.0919694,1181.365307,-4.554430001
-964.8870736,1181.383562,171.9035027
1352.397103,1181.434855,-29.15060537
0.206297112,1181.995373,3.300762391
1581.346599,1182.567998,115.5848701
-1928.215425,1183.001123,175.6548245
159.3569703,1183.295465,-7.293685582
1615.508122,1184.106071,5.943011916
75.84740472,1189.001608,37.23368366
-1637.034398,1190.248403,1.766272979
-1408.54444,1192.842971,67.35878314
-2676.034549,1193.6866,-102.8367416
-601.6058036,1195.120535,-1.167625121
337.2875704,1195.931515,-77.52359199
129.5917945,1202.687036,-90.10472352
367.1143205,1203.029383,-22.6137112
-2292.2687,1203.467973,-9.489159364
49.64621657,1204.622809,-113.7547443
3302.977405,1207.410894,93.93188072
-1531.577328,1207.831707,75.61387307
-986.1817596,1210.040439,-55.6028179
-97.81676701,1210.462356,-79.38365527
-34.53615452,1213.645419,45.79357194
651.936895,1217.387312,10.3641914
-3212.229627,1217.646095,-637.9301004
-834.3542261,1218.999958,48.74553507
897.1824516,1220.472766,502.7184854
-720.6166419,1224.341379,81.41770833
548.2744559,1224.535951,-29.50974272
-2302.226909,1225.146779,340.0979679
-1401.225097,1227.111896,72.53013502
-106.2480004,1231.750729,272.5022996
-2664.848656,1231.897398,-83.54305165
2446.990955,1239.282112,21.54325014
-1258.053697,1243.644789,-3.087485879
281.3648765,1245.473377,-18.94398146
2492.834327,1245.598709,40.37171875
274.6378747,1250.16503,-72.00996969
-1633.730347,1252.24685,47.79102576
5744.362796,1252.473638,429.6869287
-434.1410141,1253.724446,-25.0118795
-106.2097403,1254.315747,22.19228285
-1270.703101,1254.396493,-139.5853466
668.4616411,1255.078913,4.467337405
270.5584303,1260.968516,-29.26666031
-109.0093104,1261.192147,-16.35048799
260.3928217,1261.824967,-38.91440512
435.4710889,1261.837454,18.87248921
-905.2344695,1263.486103,46.67356522
-10191.22665,1269.384382,-21.50942198
341.6534323,1272.40268,-37.260607
-226.8995455,1275.095745,69.68814027
-1994.53821,1276.050944,30.58290328
-1659.93481,1277.39908,43.5088027
-2567.184318,1278.273009,-253.4241285
-4240.987293,1279.621934,-38.65855226
-2318.782617,1284.264292,-83.76396473
2452.301334,1285.849487,13.04855679
-1280.342736,1287.963075,-103.1241806
639.7587566,1291.047995,-19.61654579
-2477.363185,1291.282753,-85.35514442
-4392.475956,1291.942981,-202.304994
-1818.772295,1292.056498,4.283209886
-1456.705311,1292.868912,71.41858827
1619.941493,1295.034975,-377.2770502
3703.407526,1295.463779,65.74417483
-639.2064705,1308.82772,-358.3086493
746.170154,1319.388526,-26.45784816
-205.1726125,1323.80616,32.27150813
610.8267881,1325.594198,35.92572156
-2152.191712,1329.739659,-856.7988529
-268.7212589,1332.708938,-321.3794829
-2345.91684,1336.459881,106.5512449
-682.5959183,1341.405783,154.4743924
-3488.354333,1341.8487,-135.7428327
-1774.467091,1343.967338,9.712726468
-36.3883462,1344.767761,-44.62687011
-2516.898999,1349.549402,-25.91987795
-910.178241,1349.902886,-54.57809794
-591.6007581,1352.190312,-12.8803664
953.2799832,1354.369352,50.89138179
291.7019376,1360.667971,-34.00959199
-1582.03063,1362.683756,4.008669763
-623.8431371,1366.370147,-164.2356936
-290.1165539,1369.591973,-7.086006508
-349.3070896,1378.424716,-3.722783042
-817.9728051,1382.015234,81.35344764
308.6979081,1389.004093,17.38479219
-1405.942087,1391.29565,-10.35673646
1580.77835,1397.57114,-5.892223897
118.0433931,1399.880886,-20.59763794
-2498.393624,1402.033113,228.491685
-2272.385365,1402.905976,-258.0863703
1063.805897,1403.546107,80.89709144
673.7986848,1416.463761,37.23903661
-177.6958886,1422.579061,-62.59382087
-1562.207281,1423.494155,415.798992
735.9979948,1424.139899,-54.30008068
-1913.485723,1427.307599,-485.2436539
-1813.763733,1428.829724,13.70180141
-4919.886913,1429.35928,-678.1362749
-1010.517853,1431.969713,-36.40617238
3524.988317,1433.499785,-188.7742836
-1889.908592,1435.038661,-696.159862
-3865.72468,1449.181548,-68.45827575
227.1125087,1450.31015,-6.661549826
-210.9229523,1451.143077,-42.24072812
576.2036722,1453.841453,-20.74507327
523.7467812,1458.755611,-14.87870337
-4118.33262,1459.996109,-148.7675764
-698.5713347,1464.58526,-33.42313579
-1539.346969,1465.388086,-1264.427802
2376.38356,1468.257426,-120.9847405
73.86815772,1468.322423,-73.18986233
-102.563,1470.407177,-7.717810688
137.531002,1471.370179,-25.2788144
167.7540018,1479.243779,-61.6152377
-64.13347659,1486.761508,74.34457834
-1011.74589,1488.180094,-94.30939315
228.3717254,1497.660078,-9.254550802
-1246.890082,1499.222369,-9.869794779
-1451.880341,1499.271139,-63.03590216
-1264.821532,1500.960158,26.72260888
2206.682534,1501.349554,-7.919070796
-1517.90614,1509.452139,37.36560218
1229.919598,1513.415726,-57.19811097
697.2558794,1515.246334,9.315820984
953.3820824,1515.704493,-37.19535353
1808.281842,1515.71588,48.1886821
1889.328313,1521.231851,-351.7004165
-10.65269642,1525.861573,-17.57786935
-536.3283268,1526.38725,60.45566597
-1423.401392,1527.479753,21.86508523
510.7807472,1531.001515,-11.54944322
-343.0620394,1531.005413,-9.584415979
-732.1183848,1538.371581,32.11774128
-496.3203187,1538.473203,-105.6709298
-875.5626801,1539.391747,10.20017135
583.8155782,1541.767021,-36.26048118
-2931.847705,1543.826633,331.3130826
-528.141827,1545.215689,7.980311707
-902.8710713,1547.557867,-68.82934169
-303.6744143,1547.841425,72.17876146
479.2559018,1550.140974,38.80387261
801.170144,1553.569062,-83.96172491
-9627.957576,1555.940099,-444.5810572
3429.067146,1558.381303,-266.6874989
692.7789303,1561.137186,-13.11636947
-2062.756859,1561.182944,-74.06724367
3080.749233,1562.953291,-1081.924754
806.4807755,1566.550811,-12.30098065
1253.184897,1570.39967,-58.92783345
-1317.917229,1577.889483,-22.24762685
7260.982095,1584.477699,-1108.045777
-2106.089295,1589.93557,129.0610918
-6981.541379,1591.293719,-421.6553963
-3096.538098,1591.404418,-812.1014651
-5843.436444,1594.199356,-5.285728969
706.4447616,1596.439411,-88.43645925
-1005.00219,1603.975806,-26.10004836
1341.663851,1605.750657,-46.38897254
-583.4476591,1607.372302,-6.565912512
1954.555492,1616.374409,-58.44311387
4144.32307,1616.637375,149.9029355
-1256.342734,1618.5004,21.45668565
4263.788598,1619.66135,269.3787298
-657.052762,1621.372145,-43.97766703
1143.023939,1632.40736,-211.5620128
-2609.129797,1632.8991,-12.89305855
3668.601647,1640.27647,-188.1065067
201.6662598,1642.439882,-85.8542535
3346.979037,1644.016469,123.7019706
-2539.432888,1644.09051,-363.9450582
-668.6812347,1645.93913,-38.45497892
-366.9846683,1653.994677,51.46708377
-2488.200462,1654.408669,-109.0431844
4544.105175,1657.512582,932.3283762
416.4017482,1658.990263,-290.8365353
-2036.833928,1660.609342,8.256091913
64.31788262,1666.658587,-18.34024834
-2041.539478,1670.385765,991.4897652
-1552.814573,1672.197673,6.770820366
2664.476635,1674.016312,143.9918294
-393.6045879,1676.825259,-45.40349843
-601.0174783,1685.060701,58.72328136
1856.335534,1687.359473,-43.78808775
612.6023681,1694.142833,-42.45469623
2542.458186,1695.608831,-234.6104508
20.43504532,1696.790216,-60.74020452
718.4135182,1699.068184,-110.2421099
16.31785313,1699.846177,-16.02188534
-2381.681902,1701.347143,18.39076239
-945.7865477,1702.738074,-29.57800539
-768.6695853,1703.20695,-112.3261063
902.200559,1706.119924,9.431721736
1229.780348,1717.739015,415.2372482
-2821.293445,1728.213599,127.6794865
282.4120609,1728.370472,-77.38177057
-1591.427324,1731.27057,-44.33153021
361.1368373,1737.753476,20.44608001
246.8786657,1745.578662,13.23104232
-472.5693832,1757.516622,14.61173952
1091.496878,1757.663161,-3.972192404
-547.9297721,1760.281987,38.9395898
-573.6323465,1763.364186,-50.17645858
2189.219022,1767.108016,-56.9678436
-10147.18074,1772.791558,50.33998218
-966.1699395,1777.243897,-21.18441927
-980.5750058,1778.508898,-18.43251825
-342.3693676,1784.607759,-55.51901702
-153.2936344,1795.456904,6.29015385
592.86716,1798.98189,56.548126
298.2874632,1799.858907,-432.6170402
-385.8805961,1799.972164,-21.84891491
642.9363242,1804.578245,-34.44186856
-1106.272904,1808.105509,-36.25919251
264.1283301,1810.533891,-33.21528232
900.3416567,1810.55163,61.77941222
-2577.667168,1816.996972,-603.8832485
-2891.547724,1824.430744,-1117.503117
0.637756163,1827.03675,-59.33216831
-924.0514098,1833.284403,2.508212044
2884.581019,1839.804848,-66.29078849
1222.120251,1842.925974,-86.11007983
4576.154948,1859.11428,-274.4248322
-891.5130487,1860.731272,-84.31261184
-2279.960019,1868.785216,-11.31947958
-1419.773598,1877.277203,-124.5882629
-1134.874939,1877.597127,-17.99728434
-3982.195222,1907.948265,-53.95027569
599.9670128,1909.823617,-376.8054355
1029.72949,1919.632816,-84.06562386
-250.7155552,1930.402845,-73.42047584
704.6969197,1937.190799,-50.37915135
-725.2441971,1937.691494,-11.55541584
-5463.807701,1948.798594,-24.29910092
-4871.047813,1960.124034,187.9440722
-145.9162739,1968.188628,-182.3896025
1460.886618,1968.520684,469.8431724
-5234.625481,1970.695057,-88.84294843
2731.636142,1971.567992,-35.27944069
-4023.893749,1981.746184,-277.4836215
-1019.245172,1990.066433,-641.1324896
-720.8581058,1992.434983,270.3006251
-2577.335391,1992.709795,-31.84267615
-1022.454013,1992.901342,-23.06586375
-1338.38081,2018.243914,38.88845338
-4051.80839,2018.391518,-219.0170098
-2781.956058,2019.726076,-520.534409
2791.15212,2022.685264,-4.812918381
1065.011636,2025.970084,-26.76628298
326.2094328,2029.787489,-26.19458897
119.4997032,2035.410142,92.23000237
1347.02869,2043.652279,483.760344
-829.2343764,2052.427103,-41.34409765
1999.624566,2067.780978,-193.5779426
-1205.121259,2069.774626,-67.31826321
-1679.807639,2071.431126,274.1904211
2938.495857,2078.261977,-77.90541592
2191.563438,2081.897995,139.3787403
1259.2616,2082.567859,39.08112945
289.8222698,2085.962251,-0.735132666
-3790.874873,2092.675359,1097.29966
131.4415408,2106.805895,-644.1591749
2573.145947,2120.383664,-468.5958309
-1220.084339,2123.506648,-288.5649378
-449.6467034,2135.573721,-125.4540647
-1166.627453,2136.19633,-1.274439362
-161.9910255,2139.428615,-43.81903042
-4023.015219,2154.410535,-62.92689948
-2437.999483,2177.527172,-183.3301344
-2858.880871,2179.46109,226.1714513
3804.25618,2197.27371,-82.82004411
-6330.654956,2199.612911,36.26113269
3562.114041,2203.443366,-170.425609
1513.585956,2216.340333,-129.8540833
685.8195926,2219.63869,-92.09001847
-3832.366518,2221.545168,-51.02880814
-4026.98682,2244.154653,526.0675309
140.5005019,2258.349361,76.24808943
516.1523614,2266.359729,-53.15373436
481.4745584,2267.105287,-39.24115552
1683.216849,2290.584056,-159.4199428
40.03148329,2293.402142,-75.6908004
2376.753854,2300.019384,61.77338528
-232.9065587,2312.997076,-37.73672466
4137.896269,2347.787307,-511.7951029
635.3268384,2356.26097,-792.9376076
-3911.311759,2360.385265,77.34807575
-1265.538401,2369.147525,-12.18863953
277.4724244,2401.795494,33.33857207
4300.32741,2408.299065,-48.17450913
336.6385542,2410.569578,13.59394981
-2405.858227,2414.270948,-157.7529227
577.313193,2419.560415,50.80230554
-3162.327283,2445.888008,-370.8679086
3042.008131,2453.71464,-276.0344143
-3259.072575,2460.349343,-399.6699407
-203.5822434,2460.442488,-103.0438462
-500.0165417,2468.685061,258.0727221
-226.3285866,2472.588239,-123.6073354
1379.544259,2477.534178,-85.15299327
425.3972655,2488.676506,33.93254255
-958.1068822,2490.754952,-1312.572654
-4538.543658,2493.022827,-92.1935441
-1330.413494,2539.446313,30.02260506
-662.6519332,2542.140956,69.25153445
-1206.894787,2548.599041,21.16366384
4614.174024,2553.468981,159.2803735
-1393.885442,2568.286479,928.0861674
-202.5722025,2579.680065,44.26358029
-3295.755172,2590.710474,-628.7591633
451.3067871,2593.889489,-646.204693
3243.467459,2596.649079,-614.2738851
-23.63280272,2603.889762,-72.28138676
-1023.361318,2604.617349,-55.68733854
2559.23665,2608.848227,-472.6983171
-3051.992696,2624.201233,153.9235922
56.81738973,2624.909971,-49.95424398
1290.396814,2653.929944,344.053648
365.7207723,2680.263182,403.3145062
-3350.205572,2689.785742,-546.5677353
-220.9524248,2693.252433,-204.135643
6786.925513,2742.0959,364.4079491
-3097.077354,2773.973856,277.6146856
-2466.648474,2781.18476,-436.698569
-4643.783561,2786.958381,109.6641112
-9064.513354,2788.608426,-1105.696476
-6971.431343,2794.020761,-87.82942397
991.5801179,2801.689793,-9.336798008
-766.098246,2806.155526,81.75966024
-3797.507311,2822.335064,707.1202228
1884.285836,2827.505082,-146.5704516
-224.0643666,2828.075341,18.81555859
1428.717436,2848.114697,688.9188364
-4367.603786,2848.291448,-392.0637626
-87.36272832,2875.848695,102.4843231
4466.375346,2885.006684,504.4885574
523.1448126,2893.028713,17.44620881
-1269.112558,2913.195644,48.25405602
3779.669364,2924.422952,-883.9965473
-1609.738751,2946.349093,62.70708216
-2787.491595,2964.227308,-2.84069766
3356.398012,2985.191501,192.9769054
-63.86886114,2999.06813,-208.7106197
199.2594487,3040.111709,211.9728076
925.1027067,3060.226952,2.231926866
-465.5326348,3100.144855,-24.62197929
7896.896347,3105.894796,68.12924264
-677.9433191,3122.417609,-308.2225323
-1088.43329,3123.799072,-7.505607475
-5135.123305,3135.722966,-45.15665437
1510.549037,3138.689064,309.6474866
-1110.533518,3165.87096,1.171115904
7162.935398,3177.167851,-128.5687985
1138.358168,3182.811359,-70.80632163
2987.964292,3200.837677,300.0475947
-753.886447,3229.419291,717.6038396
-1249.508366,3229.781858,352.9858268
-1076.293672,3237.344514,54.18879872
-2617.480783,3238.093296,-49.41818668
3029.124681,3254.027115,317.1122851
978.7465572,3268.549065,-19.6516006
-914.9646993,3285.890207,-26.19434208
-1148.134273,3295.140648,-62.73597144
-1355.464243,3309.898679,-228.7868479
-4257.1831,3317.708011,355.649559
980.2967403,3335.06024,381.3141695
-6110.672384,3364.928089,-38.96113141
-4979.334202,3368.728436,-1568.205543
-1255.929113,3377.091614,-253.8469804
-1879.205041,3436.708957,-22.56017571
4333.6343,3465.690958,-0.968483197
-478.2690908,3505.097693,-130.9535841
3263.769578,3524.550532,300.5340134
-6413.379836,3530.159599,698.461366
-18.6598883,3563.743585,-151.2364749
2233.61137,3575.91403,829.4745909
-5885.242376,3596.59829,-495.6086265
-1169.831875,3613.242628,27.84054476
1911.309426,3623.587791,-982.7903123
742.4343266,3626.49713,197.8859239
-555.7882969,3627.857927,-1094.827032
1424.29764,3662.575305,283.7575915
-1777.843455,3667.838676,2.845584581
1411.811523,3704.927992,298.1154179
2416.29634,3709.420816,6.18125607
1533.464498,3709.433373,-725.831722
1.954208247,3732.262487,224.3521964
-1523.590576,3807.320898,34.35605538
-2936.955272,3819.226824,502.1316533
-1983.513662,3884.480854,59.38055014
-3755.258922,3887.326461,-27.35704655
4401.538335,3925.763653,2071.193141
860.9679726,3952.069499,519.5813946
-1048.278635,3959.180436,246.1933837
1879.469519,3981.442767,481.4029695
652.3059875,4009.719923,-771.2768889
2540.255831,4032.296879,1548.484159
952.3186494,4161.378968,-19.37204101
-5896.288288,4184.081717,-399.1561301
3932.890315,4186.638264,97.25644455
-3120.540311,4209.480605,10.06007163
-5632.57625,4224.44791,799.7003432
1268.45605,4225.304751,173.3320866
-6335.927043,4227.135928,-1143.745755
466.405468,4314.373963,65.14022298
-1601.69465,4379.204476,1073.949441
408.2266677,4494.346394,-37.01993812
2935.764607,4515.503176,106.2367147
-288.410015,4558.752178,737.3786275
170.3902291,4559.860217,1625.72383
831.9495238,4568.856331,-12.15794968
-4713.850336,4592.029693,49.38938714
1092.731896,4608.208901,6.612701321
-2204.677273,4668.247696,-58.57112065
2178.621081,4680.596499,46.85725836
-951.0389118,4759.484813,-64.38400617
2286.737412,4785.643666,473.3621308
-2386.749427,4805.969225,-6.555804105
-3675.163809,4878.87855,-184.4886964
-2508.174413,4920.446244,-42.41317834
-3725.781208,4958.668777,-211.1737372
-4788.254108,5028.162154,402.7815104
-748.1591833,5091.115854,-111.3831044
165.6170451,5099.905413,-856.6281419
244.5412797,5128.417041,1192.886925
1285.310899,5201.485777,26.18402335
-626.5314034,5341.452939,577.5983929
2078.401648,5397.520236,115.0951245
-947.2962153,5399.935449,-81.33895878
-2929.546587,5637.211901,-14.41448739
3344.435907,5804.424872,-1.16919606
11095.49868,5991.807834,420.5197506
-2548.094558,6160.766316,-32.58097866
-2576.467541,6254.076764,-5.902702781
-3511.708189,6470.454737,-12.84910743
31.39038049,6661.19632,-190.7202905
-976.0995026,6682.753407,-134.393702
-2609.939396,6892.447956,1205.571038
-1321.849535,6949.144064,-416.5412154
-134.0908091,7047.624373,1072.338732
188.4198416,7054.310803,-242.7304338
-2015.987988,7230.200618,5.240176121
462.4071229,7349.750752,-415.5954069
-2187.50416,7375.435289,-5.370726738
186.3578949,7571.181062,-152.0297863
-1476.020125,7672.074929,-59.99894303
-1703.507148,7722.285109,28.98426893
1816.091146,7749.027325,8.334643787
-820.8305795,8848.284975,-808.7145131